id,collected_date,source_name,category,current_label,current_score,confidence_bucket,has_body,label_source,review_status,reviewed_label,review_notes,title,summary,body_snippet,link
96374,2026-05-14,DER SPIEGEL,world_geopolitics,negative,0.86591,high,true,,pending,,,marco rubio: us-außenminister posiert im durch maduro bekannten trainingsanzug,"ist das ein zeichen politischer stärke oder nur noch trollerei? online geht ein foto des us-außenministers viral. er trägt darauf einen trainingsanzug, der durch eine us-entführungsaktion weltbekannt wurde.","marco rubio im nike-trainingsanzug: das foto entstand an bord der air force one white house / x / anadolu agency / imago das presseteam von us-präsident donald trump hat ein foto von außenminister marco rubio in einem grauen nike-trainingsanzug veröffentlicht – wohl wissend, dass dieses bild online eine menge aufsehen erregen dürfte. das foto ist nämlich als nadelstich gegen den früheren venezolanischen präsidenten nicolás maduro zu verstehen, den die usa im januar gestürzt hatten. »minister rubio rockt den nike-trainingsanzug ›venezuela‹ in der air force one«, schrieb der kommunikationschef des weißen hauses  , steven cheung, zu dem bild. die gleiche sportkleidung hatte maduro getragen, nachdem er im januar von us-streitkräften in caracas verhaftet und in die usa überführt worden war, wo ihm die behörden drogenhandel und terrorismus vorwerfen. ( hier finden sie ein aktuelles interview m",https://www.spiegel.de/ausland/marco-rubio-us-aussenminister-posiert-im-durch-maduro-bekannten-trainingsanzug-a-c3e2ae2d-5141-4be5-aa24-10dd4385d927
96389,2026-05-14,DER SPIEGEL,unknown,negative,0.905394,high,false,,pending,,,ukraine-krieg: russland mit längstem luftangriff seit kriegsbeginn,"allein am mittwoch soll russland 800 drohnen auf die ukraine gefeuert haben, es gab offenbar mehrere todesopfer. auch am frühen donnerstag dauern die attacken auf kyjiw und weitere städte an.",,https://www.spiegel.de/ausland/russland-ueberzieht-ukraine-mit-einem-der-laengsten-luftangriffe-seit-kriegsbeginn-a-6a2a0b99-ab57-4d49-8475-637504a8fcb3
96454,2026-05-14,DER SPIEGEL,unknown,negative,0.991047,high,false,,pending,,,porsche se schreibt wegen volkswagen erneut hohen verlust,"volkswagen steckt in einer tiefen krise, die eigentümerholding porsche se muss deshalb milliarden abschreiben. das sorgt dort im ersten quartal für einen verlust von 923 millionen euro.",,https://www.spiegel.de/wirtschaft/unternehmen/porsche-se-schreibt-wegen-vw-erneut-hohen-verlust-a-a9ca67bb-f830-451b-a459-5e1a66626cda
96375,2026-05-14,DER SPIEGEL,other,negative,0.395974,low,true,,pending,,,k.-o.-tropfen: bundesregierung beschließt strafverschärfung bei vergewaltigung,"der heimliche einsatz von betäubungsmitteln soll künftig auf einer stufe mit waffengewalt stehen. die regierung wolle eine harte antwort geben, sagt die justizministerin, auf »sexuelle gewalt in einer besonders schlimmen form«.","getränke in einem nachtclub: bei einer bka-dunkelfeld-studie gaben fünf prozent der befragten an, schon einmal opfer von k.-o.-tropfen geworden zu sein wer unter einsatz sogenannter k.-o.-tropfen eine vergewaltigung oder einen raub begeht, soll künftig mit mindestens fünf jahren haft bestraft werden. das sieht ein gesetzentwurf vor, den das bundeskabinett am mittwoch auf vorschlag von justizministerin stefanie hubig (spd) beschloss. mit der strafverschärfung soll demnach der besonderen gefährlichkeit rechnung getragen werden, die von den substanzen ausgeht. noch weitergehende schritte forderte derweil der deutsche richterbund. »vergewaltigungen unter einsatz von k.-o.-tropfen sind besonders hinterhältig und gefährlich«, erklärte ministerin hubig. »die täter mischen ihren opfern heimlich substanzen unter, um sie gezielt wehrlos zu machen. tatorte sind bars und clubs – aber auch das eigene",https://www.spiegel.de/panorama/k-o-tropfen-bundesregierung-beschliesst-strafverschaerfung-bei-vergewaltigung-a-2b7ab090-e5b7-4f18-a6cd-39055177e55e
96417,2026-05-14,DER SPIEGEL,unknown,negative,0.360336,low,false,,pending,,,bundesregierung einigt sich auf kürzungen bei integrationskursen,"die bundesregierung hat sich auf einen kompromiss im hinblick auf die integrationskurse geeinigt. demnach sollen asylsuchende und geduldete ausgeschlossen bleiben, während ukrainer und eu-bürger bevorzugt zugang erhalten.",,https://www.spiegel.de/politik/deutschland/integrationskurse-nach-dem-zulassungstopp-einigen-sich-union-und-spd-auf-kuerzungen-a-9fa4c1f5-4b07-4eac-a2d6-675cc7083d80
96471,2026-05-14,DER SPIEGEL,unknown,negative,0.498885,low,false,,pending,,,hantavirus auf mv »hondius«: wie eine verbreitung des andesvirus nun verhindert werden soll,"die urlauber der mv »hondius« kehren in ihre 23 heimatländer zurück. oberstes ziel ist es nun, weitere ansteckungen zu verhindern. dabei helfen neue informationen über die hantavirusart.",,https://www.spiegel.de/wissenschaft/mensch/hantavirus-auf-mv-hondius-wie-eine-verbreitung-des-andesvirus-nun-verhindert-werden-soll-a-9e2bc92a-fdbe-4e4e-9ea8-53a398b506ce
96394,2026-05-14,DER SPIEGEL,unknown,negative,0.715554,mid,false,,pending,,,australien: pläne für trump tower an der gold coast beerdigt,"die gold coast im australischen queensland ist bekannt für leicht trashigen glitzer. da hätte ein trump tower prima reingepasst, dachte ein baulöwe. die reaktion vor ort war allerdings eindeutig.",,https://www.spiegel.de/ausland/australien-plaene-fuer-trump-tower-in-queensland-sind-vom-tisch-a-2634a5eb-d71d-4415-8259-2cb10cb9c5a3
96461,2026-05-14,DER SPIEGEL,unknown,negative,0.641148,mid,false,,pending,,,hanno berger: zehn jahre haft für cum-ex-steuerbetrüger,das landgericht bonn hat mehrere verurteilungen wegen schwerer steuerhinterziehung zu einer gesamtstrafe zusammengefasst: hanno berger muss für insgesamt zehn jahre ins gefängnis. er gilt als zentraler akteur des cum-ex-skandals.,,https://www.spiegel.de/wirtschaft/zehn-jahre-haft-fuer-cum-ex-steuerbetrueger-hanno-berger-a-7978dfe4-1b40-4b08-b21b-ad889f9169fc
96373,2026-05-14,DER SPIEGEL,politics_governance,neutral,0.519391,low,true,,pending,,,steuern: grünen-haushaltspolitiker fordert höhere steuersätze für vielverdiener,"entlastung für viele, aber wie? während die koalition über eine einkommensteuerreform zankt, wirft grünen-haushaltspolitiker andreas audretsch einen vorschlag mit konkreten zahlen in die debatte.","grünenpolitiker andreas audretsch: haushaltspolitik ist einer seiner schwerpunkte der grünen-haushaltspolitiker andreas audretsch hat einen konkreten vorschlag für eine einkommensteuer reform mit höheren sätzen für vielverdiener und entlastungen für haushalte mit geringem einkommen unterbreitet. der reguläre spitzensteuersatz von derzeit 42 prozent solle ab einem zu versteuernden jahreseinkommen von 120.000 euro auf 45 prozent erhöht werden, schlug der fachlich zuständige vizevorsitzende der bundestagsfraktion in der »rheinischen post«  vor. der satz solle ab 250.000 euro auf 48 prozent steigen. derzeit müssen ledige ab knapp 278.000 euro einen zuschlag auf die einkommensteuer zahlen – diese sogenannte reichensteuer beträgt 45 prozent. zur entlastung schlug audretsch vor, den grundfreibetrag – also jenen teil des einkommens, der steuerfrei bleibt – um 500 euro zu erhöhen. derzeit beträgt",https://www.spiegel.de/politik/deutschland/steuern-gruenen-haushaltspolitiker-fordert-hoehere-steuersaetze-fuer-vielverdiener-a-67d20c3f-93d3-4648-81d4-e1a39dd5e41b
96382,2026-05-14,DER SPIEGEL,unknown,neutral,0.370567,low,false,,pending,,,bundesregierung: cdu-arbeitnehmerflügel und spd-konservative mahnen frieden an,"in einer ungewöhnlichen allianz wenden sich cdu-arbeitnehmerflügel und konservative sozialdemokraten an die koalitionsspitzen: der streit müsse aufhören, die vernünftigen müssten lauter werden.",,https://www.spiegel.de/politik/deutschland/bundesregierung-cdu-arbeitnehmerfluegel-und-spd-konservative-mahnen-frieden-an-a-29db8d75-6b4a-40be-9980-3c1127fe50aa
96378,2026-05-14,DER SPIEGEL,unknown,positive,0.877585,high,false,,pending,,,trump phone: auslieferung des goldenen t1-smartphones soll endlich starten,früh gab es zweifel an der seriosität des geschäfts mit einem trump-gebrandeten smartphone. es folgten monatelange verzögerungen und design-änderungen. doch jetzt soll die auslieferung des geräts beginnen.,,https://www.spiegel.de/netzwelt/gadgets/trump-phone-auslieferung-des-goldenen-t1-smartphones-soll-endlich-starten-a-29a5c8ab-21dd-4fbe-bf2a-38a51564bdaa
96451,2026-05-14,DER SPIEGEL,unknown,positive,0.98627,high,false,,pending,,,"allianz meldet rekordstart ins jahr – 4,5 milliarden euro quartalsgewinn","der größte deutsche versicherungskonzern überrascht mit einem starken ergebnis im ersten quartal. der operative gewinn stieg auf 4,5 milliarden euro – mehr als je zuvor.",,https://www.spiegel.de/wirtschaft/unternehmen/allianz-meldet-rekordstart-ins-jahr-4-5-milliarden-euro-quartalsgewinn-a-f14acce5-8b22-47f6-8189-e4aecb366bf8
96372,2026-05-14,DER SPIEGEL,economy_finance,positive,0.464976,low,true,,pending,,,aufrüstung: knds verhandelt mit mercedes über werk in ludwigsfelde,"knds könnte künftig den radpanzer boxer dort bauen, wo heute sprinter-transporter vom band rollen. nach spiegel-informationen laufen gespräche mit dem autohersteller mercedes. auch eine vw-fabrik soll in der engeren auswahl sein.","mercedes-benz-werk in ludwigsfelde bei nacht dieser artikel gehört zum angebot von spiegel+. sie können ihn auch ohne abonnement lesen, weil er ihnen geschenkt wurde. die deutsche autobranche steckt in der krise, während die rüstungsindustrie boomt. jetzt verdichten sich die anzeichen, dass beide seiten miteinander ins geschäft kommen könnten. so verhandelt der deutsch-französische panzerbauer knds mit mercedes-benz darüber, das werk des stuttgarter autoherstellers in ludwigsfelde südlich von berlin zu übernehmen. der rüstungskonzern, hervorgegangen aus einer fusion zwischen krauss-maffei wegmann und der französischen nexter, will in den kommenden jahren eine milliarde euro in neue kapazitäten investieren, um die nachfrage europäischer armeen nach panzern und militärfahrzeugen bedienen zu können. im vergangenen jahr hatte knds das von der schließung bedrohte alstom-werk in görlitz überno",https://www.spiegel.de/wirtschaft/aufruestung-knds-verhandelt-mit-mercedes-ueber-werk-in-ludwigsfelde-a-28935048-b008-48a3-9edd-79004afb4339
96376,2026-05-14,DER SPIEGEL,world_geopolitics,positive,0.418728,low,true,,pending,,,xi jinping empfängt donald trump in china: xi umgarnt trump – und macht druck bei taiwan,"der himmelspalast, flaggen schwenkende kinder und viel militär: chinas staatschef xi jinping bietet donald trump einen pompösen empfang in peking. verfängt das beim us-präsidenten? der staatsbesuch in der liveanalyse.","sie können den artikel leider nicht mehr aufrufen. der link, der ihnen geschickt wurde, ist entweder älter als 30 tage oder der artikel wurde bereits 10 mal geöffnet. sie haben bereits ein digital-abo? zum login sie haben bereits ein print-abo? hier rabattiert digital-zugang bestellen sie haben bereits ein digital-abo? zum login spiegel+ wird über ihren itunes-account abgewickelt und mit kaufbestätigung bezahlt. 24 stunden vor ablauf verlängert sich das abo automatisch um einen monat zum preis von zurzeit ¤ ein jahr zum preis von zurzeit ¤ . in den einstellungen ihres itunes-accounts können sie das abo jederzeit kündigen. um spiegel+ außerhalb dieser app zu nutzen, müssen sie das abo direkt nach dem kauf mit einem spiegel-id-konto verknüpfen. mit dem kauf akzeptieren sie unsere allgemeinen geschäftsbedingungen und datenschutzerklärung .",https://www.spiegel.de/ausland/donald-trump-besucht-china-usa-hoffen-auf-xi-jinpings-hilfe-in-iran-doch-china-hat-eigene-prioritaetenenen-interessen-a-2db6f226-ddcc-4873-8652-eadd74a7e9b1
96413,2026-05-14,DER SPIEGEL,unknown,positive,0.543899,low,false,,pending,,,mecklenburg-vorpommern: spd verkürzt laut umfrage rückstand auf die afd,"lange schien es, als würde die afd auch in mecklenburg-vorpommern der konkurrenz enteilen. in einer neuen erhebung von infratest kann nun jedoch auch die spd zuwächse verzeichnen. anders ist der trend für cdu und bsw.",,https://www.spiegel.de/politik/deutschland/mecklenburg-vorpommern-spd-verkuerzt-laut-umfrage-rueckstand-auf-die-afd-cdu-hinter-linkspartei-a-07e2156e-9ef0-4337-b7d5-409b43637ad0
96436,2026-05-14,DER SPIEGEL,unknown,positive,0.429037,low,false,,pending,,,donald trump und die 250-jahres-feier: feiern die usa ihren geburtstag ohne europäer?,donald trump hat eine »spektakuläre feier« zum 250. unabhängigkeitstag der usa angekündigt. deutsche spitzenpolitiker sind spiegel-recherchen zufolge bislang nicht eingeladen. wohl aber ein prominenter nachbar.,,https://www.spiegel.de/ausland/donald-trump-und-die-250-jahres-feier-feiern-die-usa-ihren-geburtstag-ohne-europaeer-a-70073462-e4e5-48c2-adb4-feb98c974138
96447,2026-05-14,DER SPIEGEL,unknown,positive,0.586798,mid,false,,pending,,,heizungsgesetz: bundesregierung bringt erneute reform auf den weg,die bundesregierung hat nach monatelangen debatten eine erneute reform des heizungsgesetzes auf den weg gebracht. der einbau neuer gas- und ölheizungen soll laut dem kabinettsbeschluss weiterhin möglich sein.,,https://www.spiegel.de/wirtschaft/service/heizungsgesetz-bundesregierung-bringt-erneute-reform-auf-den-weg-a-94f6213a-4232-4389-a1a1-6c4f8f2de83c
97178,2026-05-14,DER SPIEGEL,unknown,positive,0.673811,mid,false,,pending,,,"fußball-wm 2026: shakira, madonna und bts bei halbzeitshow im finale",erstmals wird es bei der fußball-wm in der halbzeitpause des finals eine show mit musik und tanz geben. topstars wie madonna sollen dabei auch eine gigantische summe für weltweite bildungs- und fußballprojekte einsammeln.,,https://www.spiegel.de/sport/fussball/fussball-wm-2026-shakira-madonna-und-bts-bei-halbzeitshow-im-finale-a-78501268-aeba-417e-9b2a-8e88b032a853
96282,2026-05-14,Deutsche Welle,world_geopolitics,negative,0.837042,high,true,,pending,,,medien: britischer minister plant revolte gegen starmer,"der premier tritt kämpferisch auf. parteigenossen positionieren sich - für und gegen den regierungschef. ein minister führt in 10 downing street gespräche, deren inhalt nicht für die presse bestimmt ist.","in großbritannien droht dem unter druck geratenen premierminister keir starmer nach medienberichten ein parteiinterner coup. gesundheitsminister wes streeting bereite seinen rücktritt vor, um starmer sodann als chef der labour-partei herauszufordern, melden die zeitung ""the times"" und der sender sky news. die spekulationen überschatteten die traditionelle verlesung des regierungsprogramms durch könig charles , die sogenannte king's speech. auch an den finanzmärkten sorgten sie für unruhe: die kurse britischer staatsanleihen gaben deutlich nach, während die staatlichen refinanzierungskosten leicht stiegen. streeting traf sich vor der king's speech mit starmer in dessen amtssitz in 10 downing street, wollte sich danach zu den inhalten jedoch nicht äußern. die begegnung dauerte weniger als 20 minuten. um eine kampagne für den parteivorsitz offiziell zu starten, benötigt er die unterstützung",https://www.dw.com/de/medien-britischer-minister-plant-revolte-gegen-starmer/a-77150051?maca=de-rss-de-all-1119-xml-mrss
96283,2026-05-14,Deutsche Welle,world_geopolitics,negative,0.886799,high,false,,pending,,,äthiopien und eritrea: angst vor neuem krieg um tigray,tigrays tplf-partei bricht mit dem friedensabkommen: sie hat debretsion gebremichael als präsident des eigentlich entmachteten regionalparlaments vereidigt. neue konflikte mit addis abeba sind vorprogrammiert.,,https://www.dw.com/de/äthiopien-und-eritrea-angst-vor-neuem-krieg-um-tigray/a-77136231?maca=de-rss-de-all-1119-xml-mrss
96308,2026-05-14,Deutsche Welle,world_geopolitics,negative,0.823154,high,true,,pending,,,geopolitik: wenn meerengen zu waffen werden,"die krise um die straße von hormus lenkt den blick auf andere maritime nadelöhre. experten warnen, dass die kontrolle über meerengen wie die straße von malakka oder die taiwanstraße als druckmittel genutzt werden könne.","eine maut für die passage durch die straße von malakka: das wäre ein einträgliches geschäft. ""wenn wir wirklich die mauteinnahmen zu dritt zwischen indonesien, malaysia und singapur aufteilen würden, könnte da einiges zusammenkommen"", sagte der indonesische finanzminister purbaya yudhi sadewa ende april. ganz ernst hatte er es offenbar nicht gemeint, und wenige tage später erklärte der indonesische außenminister sugiono, sein land respektiere die freiheit der schifffahrt und werde keine transitgebühren für die straße von malakka erheben. doch die vorstellung, dass sich der schiffsverkehr nicht nur in der straße von hormus , sondern auch in anderen meeresengen als geopolitisches druckmittel missbrauchen lasse, war in der welt. ""die schließung der straße von hormus hat die politischen entscheidungsträger in asien dazu gezwungen, sich fragen zur sicherheit anderer maritimer engstellen zu st",https://www.dw.com/de/geopolitik-wenn-meerengen-zu-waffen-werden/a-77093095?maca=de-rss-de-all-1119-xml-mrss
96314,2026-05-14,Deutsche Welle,world_geopolitics,negative,0.97323,high,false,,pending,,,klimawandel lässt kaspisches meer schrumpfen,das größte binnengewässer der welt verschwindet. in alarmierendem tempo verliert das kaspische meer an wasser. wissenschaftler warnen vor einem bevorstehenden wendepunkt.,,https://www.dw.com/de/klimawandel-lässt-kaspisches-meer-schrumpfen/a-77099947?maca=de-rss-de-all-1119-xml-mrss
96288,2026-05-14,Deutsche Welle,world_geopolitics,negative,0.532461,low,false,,pending,,,china verstärkt druck auf westliche firmen,"peking besitzt neue weitreichende druckmittel, um unternehmen zu bestrafen, die ihre produktion aus china abziehen. multinationale konzerne geraten zunehmend in ein netz aus zwangsmaßnahmen und komplexen vorschriften.",,https://www.dw.com/de/china-verstärkt-druck-auf-westliche-firmen/a-77132686?maca=de-rss-de-all-1119-xml-mrss
96306,2026-05-14,Deutsche Welle,world_geopolitics,negative,0.462887,low,true,,pending,,,"endemie, epidemie, pandemie: das sind die unterschiede","der aktuelle ausbruch des andes-hantavirus wirft fragen auf, die seit der corona-pandemie vielen vertraut sind. doch was unterscheidet diese begriffe – und was sagen sie wirklich über die gefahr einer krankheit aus?","der ausbruch des seltenen andes‑hantavirus auf dem kreuzfahrtschiff mv hondius wirft erneut fragen auf: wann spricht man von einem ausbruch, wann von einer epidemie – und ab wann von einer pandemie ? die begriffewerden häufig durcheinandergebracht. dabei beschreiben sie nicht die gefährlichkeit einer krankheit, sondern deren ausbreitung. was bedeuten diese begriffe genau? endemie: die ständige bedrohung eine krankheit, die in bestimmten regionen regelmäßig auftritt, wird als endemisch bezeichnet. bei einer endemie bleibt die zahl der erkrankungen über die zeit relativ konstant. sie ist höher als in anderen gegenden, nimmt im laufe der zeit aber nicht weiter zu. in einem gewissen zeitraum erkranken ungefähr immer gleich viele menschen neu. ein typisches beispiel ist die malaria , an der jedes jahr 300 millionen menschen weltweit erkranken, hauptsächlich in den tropen. endemisch bedeutet d",https://www.dw.com/de/endemie-epidemie-pandemie-das-sind-die-unterschiede/a-52369257?maca=de-rss-de-all-1119-xml-mrss
96361,2026-05-14,Deutsche Welle,world_geopolitics,negative,0.435577,low,true,,pending,,,deutschland und die frage nach atomwaffen,noch sind us-atombomben in deutschland stationiert. aber donald trumps abkehr von europa schwächt die nukleare abschreckung. könnte frankreich aushelfen?,"auf die zustimmende antwort aus berlin hat emmanuel macron länger warten müssen. bereits mehrfach hatte der französische präsident angeboten, mit deutschland über die nukleare abschreckung in europa zu reden - auf basis der französischen atomwaffen . bisher war er damit abgeblitzt. das ändert sich nun: cdu-chef friedrich merz, der wahrscheinliche nächste bundeskanzler, ist zum dialog bereit. mit donald trump im weißen haus, der den europäischen verbündeten den militärischen schutz der usa entziehen könnte , hat sich die lage dramatisch geändert. merz will mit den atomwaffenstaaten frankreich und großbritannien über die nukleare abschreckung in europa reden. und rennt damit in paris offene türen ein. ""nukleare teilhabe"": us-atombomben in deutschland seit jahrzehnten stellt sich deutschland unter den atomwaffen-schirm der usa . bis zu 20 us-atombomben lagern in deutschland. den code zur fr",https://www.dw.com/de/deutschland-und-die-frage-nach-atomwaffen/a-71919501?maca=de-rss-de-all-1119-xml-mrss
96366,2026-05-14,Deutsche Welle,world_geopolitics,negative,0.543943,low,false,,pending,,,kabinett verschärft strafen bei einsatz von k.-o.-tropfen,"wie oft täter ihr opfer vor einer vergewaltigung mit chemischen substanzen wehrlos machen, ist unbekannt - es gibt keine offizielle statistik. auch die kurze nachweisbarkeit der stoffe im blut erschwert den beweis.",,https://www.dw.com/de/kabinett-verschärft-strafen-bei-einsatz-von-k-o-tropfen/a-77146958?maca=de-rss-de-news-1089-xml-mrss
96287,2026-05-14,Deutsche Welle,world_geopolitics,negative,0.552531,mid,true,,pending,,,massenproteste gegen sparkurs bei hochschulen in argentinien,"weil der selbsternannte ""anarcho-kapitalist"" javier milei die universitäten zwingen will, den gürtel enger zu schnallen, gehen zehntausende menschen in buenos aires auf die straße.","zehntausende menschen haben in der argentinischen hauptstadt buenos aires gegen die streichung öffentlicher gelder für staatliche universitäten protestiert. zentraler versammlungsort war die plaza de mayo direkt vor dem präsidentenpalast. die hochschulverwaltung schätzte die teilnehmerzahl auf 600.000. die polizei nannte bisher keine eigenen zahlen. weitere demonstrationen gab es in städten wie córdoba, mendoza und tucumán. stein des anstoßes ist ein veto, das staatschef javier milei gegen ein gesetz zur finanzierung von universitäten einlegte, welches 2025 im parlament verabschiedet worden war. mileis regierung stoppte die vorlage unter verweis auf die eigene sparpolitik und reichte klage beim obersten gerichtshof ein. wann dort eine entscheidung fällt, ist offen. die universität von buenos aires schrieb, es sei dringend notwendig, dass die regierung die vom parlament zugesagten mittel",https://www.dw.com/de/massenproteste-gegen-sparkurs-bei-hochschulen-in-argentinien/a-77142545?maca=de-rss-de-all-1119-xml-mrss
96294,2026-05-14,Deutsche Welle,world_geopolitics,negative,0.610799,mid,false,,pending,,,israel: militärtribunal für hamas-terroristen vom 7. oktober,hunderte palästinensische angreifer sollen für ihren terrorüberfall auf israel 2023 vor einem sondergericht zur rechenschaft gezogen werden. eine kommission wirft der terroristischen hamas auch sexualisierte gewalt vor.,,https://www.dw.com/de/israel-militärtribunal-für-hamas-terroristen-vom-7-oktober/a-77130158?maca=de-rss-de-all-1119-xml-mrss
96313,2026-05-14,Deutsche Welle,world_geopolitics,negative,0.659911,mid,false,,pending,,,brasiliens justiz zeigt härte gegenüber bolsonaro,es geht um eine mögliche verkürzung der haftstrafe für den verurteilten ex-präsidenten jair bolsonaro. das oberste gericht in brasilien blockt jetzt einen entsprechenden gesetzesentwurf.,,https://www.dw.com/de/brasiliens-justiz-zeigt-härte-gegenüber-bolsonaro/a-77109738?maca=de-rss-de-all-1119-xml-mrss
96367,2026-05-14,Deutsche Welle,world_geopolitics,negative,0.552531,mid,true,,pending,,,massenproteste gegen sparkurs bei hochschulen in argentinien,"weil der selbsternannte ""anarcho-kapitalist"" javier milei die universitäten zwingen will, den gürtel enger zu schnallen, gehen zehntausende menschen in buenos aires auf die straße.","zehntausende menschen haben in der argentinischen hauptstadt buenos aires gegen die streichung öffentlicher gelder für staatliche universitäten protestiert. zentraler versammlungsort war die plaza de mayo direkt vor dem präsidentenpalast. die hochschulverwaltung schätzte die teilnehmerzahl auf 600.000. die polizei nannte bisher keine eigenen zahlen. weitere demonstrationen gab es in städten wie córdoba, mendoza und tucumán. stein des anstoßes ist ein veto, das staatschef javier milei gegen ein gesetz zur finanzierung von universitäten einlegte, welches 2025 im parlament verabschiedet worden war. mileis regierung stoppte die vorlage unter verweis auf die eigene sparpolitik und reichte klage beim obersten gerichtshof ein. wann dort eine entscheidung fällt, ist offen. die universität von buenos aires schrieb, es sei dringend notwendig, dass die regierung die vom parlament zugesagten mittel",https://www.dw.com/de/massenproteste-gegen-sparkurs-bei-hochschulen-in-argentinien/a-77142545?maca=de-rss-de-news-1089-xml-mrss
96281,2026-05-14,Deutsche Welle,world_geopolitics,neutral,0.495008,low,false,,pending,,,"dfb-sportchef rettig vor wm: ""hat nichts mit fußball zu tun""","die wm in den usa, kanada und mexiko sorgt für diskussionen abseits des fußballs. im dw-interview äußert sich dfb-geschäftsführer andreas rettig zum dfb-team, der geopolitischen lage und hofft auf eine friedliche wm.",,https://www.dw.com/de/dfb-sportchef-rettig-vor-wm-hat-nichts-mit-fußball-zu-tun/a-77146003?maca=de-rss-de-all-1119-xml-mrss
96317,2026-05-14,Deutsche Welle,world_geopolitics,neutral,0.375993,low,true,,pending,,,saudi-arabien verabschiedet sich aus dem sport - warum?,"es gibt kaum noch eine wichtige sportart, in die saudi-arabien nicht investiert hat. doch plötzlich zieht sich das königreich aus dem golfsport zurück. auch weitere geplante veranstaltungen sind abgesagt. was ist da los?","massiv hatte saudi arabien in den profisport investiert. milliarden flossen in fußball, tennis, golf und motorsport, aber auch etwa in snowboarding. das hat die welt des sports im vergangenen jahrzehnt geprägt. nicht nur fußballern, deren karriere sich dem ende näherte, bot der ölreiche golfstaat astronomische gehälter. er kaufte einen premier-league-club und dank der mittlerweile engen beziehungen zum fußball-weltverband  fifa  wird die wm 2034  in saudi-arabien stattfinden. die saudischen milliarden  spalteten die welt des golfs , und das land bemühte sich um die ausrichtung von veranstaltungen aller art, von snooker über damentennis bis zum wrestling. die ausgabenorgie stand im engen zusammenhang mit der ursprünglichen ""vision 2030"" des landes, mit der sich saudi-arabien offiziell unabhängiger vom öl machen wollte. andernorts wird diese strategie jedoch als eine form des ""sportswashin",https://www.dw.com/de/saudi-arabien-verabschiedet-sich-aus-dem-sport-warum/a-77096303?maca=de-rss-de-all-1119-xml-mrss
96274,2026-05-14,Deutsche Welle,world_geopolitics,positive,0.825468,high,true,,pending,,,"news kompakt - trump zu xi: ""eine ehre, ihr freund zu sein""",us-präsident trump wird zum auftakt seines staatsbesuchs in china mit militärischen ehren empfangen. in den usa billigt der senat den neuen notenbankchef warsh. der dw-nachrichtenüberblick.,"zum auftakt seines staatsbesuchs in china ist us-präsident donald trump von präsident xi jinping empfangen worden. beide länder hätten eine ""fantastische"" gemeinsame zukunft, sagte trump zu beginn der gespräche in der großen halle des volkes in peking. der us-präsident lobte seinen gastgeber als ""großartige führungspersönlichkeit"". ""es ist eine ehre, ihr freund zu sein"", sagte trump wörtlich. xi erklärte, er sei davon überzeugt, dass die gemeinsamen interessen der usa und chinas größer seien als die meinungsverschiedenheiten. ""stabile"" beziehungen zwischen den beiden ländern seien eine wohltat für die welt. mit dem us-präsidenten sind auch außenminister marco rubio und verteidigungsminister pete hegseth nach peking geflogen. zur delegation gehören zudem führende wirtschaftsvertreter, darunter tesla-chef elon musk. us-senat gibt grünes licht für neuen us-zentralbankchef warsh der wunschka",https://www.dw.com/de/news-kompakt-trump-zu-xi-eine-ehre-ihr-freund-zu-sein/a-77156843?maca=de-rss-de-all-1119-xml-mrss
96299,2026-05-14,Deutsche Welle,world_geopolitics,positive,0.829072,high,true,,pending,,,"xi und trump: ""big deals"" mit globaler dimension","am montag hat peking auf den letzten drücker den besuch des us-präsidenten trump in china bestätigt. klar ist, trump muss beim kommunistischen rivalen punkten. xi ist dagegen sehr entspannt.","gutes will weile haben, so eine orientalische weisheit. nach der absage im april will us -präsident donald trump nun doch ende der woche china besuchen. in der heutigen welt sind die globalen herausforderungen wie wirtschaftswachstum und klimawandel nur mit dem engagement beider großnationen zu lösen. die usa sind die größte und china die zweitgrößte volkswirtschaft der welt und zugleich sind china der größte und die usa der zweitgrößte emittent von treibhausgasen. eine begegnung zwischen dem chinesischen staatspräsidenten xi jinping und trump darf vor diesem hintergrund nicht scheitern - davon sind die regierungen in peking und washington überzeugt. die zu erwartende einigung wird eine globale dimension haben. gleichzeitig wollen die beiden ehrgeizigen staatschefs der eigenen bevölkerung - und im falle usa damit auch den wählern - ergebnisse präsentieren, die sie ins rechte licht rücken",https://www.dw.com/de/xi-und-trump-big-deals-mit-globaler-dimension/a-77117056?maca=de-rss-de-all-1119-xml-mrss
96303,2026-05-14,Deutsche Welle,world_geopolitics,positive,0.890096,high,false,,pending,,,kraftstoffe aus ostdeutscher raffinerie fließen weiter,"die pck-raffinerie in schwedt versorgt den nordosten deutschlands. da soll auch so bleiben, verspricht wirtschaftsministerin katherina reiche. trotz ausbleibender öltransfers via russland.",,https://www.dw.com/de/kraftstoffe-aus-ostdeutscher-raffinerie-fließen-weiter/a-77123123?maca=de-rss-de-all-1119-xml-mrss
96305,2026-05-14,Deutsche Welle,world_geopolitics,positive,0.991865,high,false,,pending,,,räume der erinnerung: stararchitekt daniel libeskind wird 80,die auseinandersetzung mit der geschichte prägt libeskinds denken bis heute. seine bauten sind orte der erinnerung - verbunden mit einem hoffnungsvollen blick in die zukunft.,,https://www.dw.com/de/räume-der-erinnerung-stararchitekt-daniel-libeskind-wird-80/a-57494954?maca=de-rss-de-all-1119-xml-mrss
96277,2026-05-14,Deutsche Welle,world_geopolitics,positive,0.413045,low,false,,pending,,,ungarns neuer premier stellt orbans luxus-system bloß,peter magyar zeigt in facebook-videos die prunkvolle ausstattung von viktor orbans amtssitz. ungarn blickt schockiert auf den luxus der abgewählten machtelite. derweil steckt sich der neue premier hohe ziele.,,https://www.dw.com/de/ungarns-neuer-premier-stellt-orbans-luxus-system-bloß/a-77142098?maca=de-rss-de-all-1119-xml-mrss
96310,2026-05-14,Deutsche Welle,world_geopolitics,positive,0.382852,low,true,,pending,,,afrika-gipfel in kenia: frankreich sucht neue partner,nach dem rückzug aus der sahelzone in westafrika sucht frankreich wieder mehr geostrategischen einfluss auf dem kontinent. für einen neustart geht der blick in richtung englischsprachiger länder.,"wenn die außenminister frankreichs und kenias am 11. mai 2026 den ""africa forward summit"" in der universität nairobi eröffnen, liegt die betonung auf einer neuen gemeinsamkeit. gleichzeitig ist das zweitägige treffen in kenia der erste gipfel dieser art, den frankreich in einem englischsprachigen land afrikas ausrichtet. allerdings nicht ohne grund: präsident emmanuel macron will laut experten ein zeichen setzen und eine abkehr von der bisherigen afrika-politik in westafrika einleiten. warum sich frankreich umorientiert ""frankreich hat sehr viel ansehen und einfluss in den frankophonen afrikanischen ländern verloren, besonders in der sahelzone"", sagt ulf laessing, leiter des regionalprogramms sahel der deutschen konrad-adenauer-stiftung in mali der dw. ""es versucht jetzt sehr stark, in anderen anglophonen ländern - südafrika, kenia, nigeria - zu expandieren, um sich auf die weise wieder",https://www.dw.com/de/afrika-gipfel-in-kenia-frankreich-sucht-neue-partner/a-77091271?maca=de-rss-de-all-1119-xml-mrss
96342,2026-05-14,Deutsche Welle,world_geopolitics,positive,0.372564,low,true,,pending,,,"""drill baby drill"" gegen chinas elektrostaat",die welt blickt auf die blockierte straße von hormus und die folgen für die globalen energiemärkte. hinter den kulissen tobt aber noch ein anderer kampf: der wettlauf der usa und china um die globale energiedominanz.,"ganz gleich wie der krieg zwischen den usa und dem iran ausgeht - die weltweiten energiemärkte werden noch lange für die rückkehr zur normalität brauchen. und viele beobachter sind davon überzeugt, dass die explodierenden spritpreise dem siegeszug der erneuerbaren energien einen entscheidenden schub geben werden. denn im hintergrund des aktuellen kräftemessens am persischen golf pokern die beiden größten volkswirtschaften der welt, wie die globale energie-architektur der zukunft aussehen wird - und wer sie dominiert. die akteure: die usa unter donald trump, der mit vollem einsatz die produktion von öl und gas hochfährt und china , das seit mehr als einem jahrzehnt auf dem weg vom weltweit größten co2-verursacher zum globalen taktgeber der elektrischen energierevolution ist. die amerikaner wollen das fossile zeitalter möglichst lange am leben erhalten, während die chinesen ihre strategie,",https://www.dw.com/de/drill-baby-drill-gegen-chinas-elektrostaat/a-76879335?maca=de-rss-de-all-1119-xml-mrss
96292,2026-05-14,Deutsche Welle,world_geopolitics,positive,0.730168,mid,false,,pending,,,"merz verteidigt rentenpläne beim dgb: ""keine bösartigkeit!""","deutschlands wirtschaft lahmt, die energiepreise sind hoch: kanzler merz bekommt beim gewerkschaftskongress in berlin den unmut der arbeitnehmer zu spüren. und verteidigt die geplante rentenreform.",,https://www.dw.com/de/merz-verteidigt-rentenpläne-beim-dgb-keine-bösartigkeit/a-77131458?maca=de-rss-de-all-1119-xml-mrss
96312,2026-05-14,Deutsche Welle,world_geopolitics,positive,0.671097,mid,false,,pending,,,weißer wasserstoff: der verborgene schatz im untergrund,in der erdkruste lagern billionen tonnen natürlichen wasserstoffs. kann ein geologe in bayern diese saubere und günstige energiequelle erschließen?,,https://www.dw.com/de/weißer-wasserstoff-der-verborgene-schatz-im-untergrund/a-76836252?maca=de-rss-de-all-1119-xml-mrss
96700,2026-05-14,FAZ.NET,unknown,negative,0.928992,high,false,,pending,,,tausende drohnen: russland überzieht ukraine mit einem der längsten angriffe seit kriegsbeginn,"die waffenruhe hielt nur kurz, nun läuft die nächste angriffswelle. kiew spricht von „terror“. in der nacht erschüttern explosionen ukrainische städte. besonders schwer trifft es die hauptstadt.",,https://www.faz.net/aktuell/politik/ukraine/russland-beschiesst-ukraine-massiv-mit-raketen-und-drohnen-accg-200831189.html
96799,2026-05-14,FAZ.NET,unknown,negative,0.804295,high,false,,pending,,,"kritik an momfluencern: „ich habe mit einer mutter gesprochen, die jetzt 50.000 dollar im monat verdient“",autorin fortesa latifi hat ein buch über „momfluencer“ geschrieben. für geld teilen sie intime details aus dem leben ihrer kinder. was macht so ein verhalten mit kindern?,,https://www.faz.net/aktuell/stil/eltern-familie/momfluencerinnen-die-privatsphaere-von-kindern-wird-gegen-geld-getauscht-accg-200769724.html
96703,2026-05-14,FAZ.NET,unknown,negative,0.499795,low,false,,pending,,,justiz prüft verstöße: hat die fifa fußball-fans bei den wm-tickets betrogen?,vor der fußball-weltmeisterschaft sorgen berichte über möglicherweise nachträglich geänderte sitzplatzkategorien für wirbel. kaliforniens generalstaatsanwalt fordert nun klare antworten vom weltverband.,,https://www.faz.net/aktuell/sport/fussball-wm/fussball-wm-2026-hat-die-fifa-fans-bei-den-tickets-betrogen-accg-200831671.html
96713,2026-05-14,FAZ.NET,unknown,negative,0.45981,low,false,,pending,,,mehr geld als senior: was sie über die neue geförderte altersvorsorge wissen müssen,die reform der staatlich geförderten altersvorsorge kommt. der bundesrat hat das gesetz verabschiedet. die anbieter stehen in den startlöchern. worauf sollten kunden achten?,,https://www.faz.net/aktuell/finanzen/finanzmarkt/was-sie-ueber-die-neue-gefoerderte-altersvorsorge-wissen-muessen-accg-200818609.html
96749,2026-05-14,FAZ.NET,unknown,negative,0.552119,mid,false,,pending,,,die vw-story – folge 2: die legende entsteht,„die vw-story“ folge 2: die erfolgsgeschichte von käfer und bulli ist eng den widersprüchlichen und düsteren ursprüngen des volkswagen-konzerns verknüpft. jetzt im faz-podcast anhören!,,https://www.faz.net/podcasts/vw-podcast-die-duesteren-urspruenge-von-volkswagen-faz-200805034.html
96752,2026-05-14,FAZ.NET,unknown,negative,0.573971,mid,false,,pending,,,brandanschlag in holland: proteste gegen asylbewerber eskalieren,die niederlande wollen schutzsuchende fair verteilen – doch dagegen rührt sich zunehmend gewaltsamer protest.,,https://www.faz.net/aktuell/politik/ausland/niederlande-gewalt-gegen-asylbewerberheime-200829181.html
96732,2026-05-14,FAZ.NET,unknown,neutral,0.456039,low,false,,pending,,,"der beziehungs-check: an diesen zehn merkmalen erkennen sie, ob sie sich trennen sollten","bleiben oder gehen? wer an seiner beziehung zweifelt, dreht sich oft im kreis. dabei kann diese checkliste unserer paartherapeutin orientierung geben. denn stabile partnerschaften haben einiges gemeinsam.",,https://www.faz.net/aktuell/stil/leib-seele/beziehung-wann-man-sich-besser-trennen-sollte-accg-110811851.html
96735,2026-05-14,FAZ.NET,unknown,neutral,0.479748,low,false,,pending,,,bleiben oder gehen: ist unsere beziehung noch die richtige für mich?,"wäre ich glücklicher mit einem anderen menschen? wer sich diese frage in einer partnerschaft stellt, denkt schnell an trennung. aber ist das auch der richtige weg – oder bin ich zu anspruchsvoll? die paarkolumne „besser lieben“.",,https://www.faz.net/aktuell/stil/leib-seele/kolumnen/trennen-oder-bleiben-wann-die-beziehung-noch-zu-retten-ist-18583801.html
96709,2026-05-14,FAZ.NET,unknown,positive,0.902899,high,false,,pending,,,geldanlage: die besten renditen des jahrhunderts,ein blick in die wirtschaftsgeschichte hält überraschende ratschläge für anleger parat. was sie daraus lernen können.,,https://www.faz.net/aktuell/finanzen/die-besten-renditen-des-jahrhunderts-was-anleger-lernen-koennen-accg-200739344.html
96726,2026-05-14,FAZ.NET,unknown,positive,0.922817,high,false,,pending,,,größe und preis maßgeblich: diese etf stehen in den profi-depots ganz oben,unabhängige vermögensverwalter kaufen für ihre kunden immer mehr etf und schauen dabei ziemlich genau auf die kosten. die beliebtesten produkte im überblick.,,https://www.faz.net/aktuell/finanzen/gold-ist-sehr-beliebt-diese-etfs-kaufen-die-profis-accg-200336500.html
96699,2026-05-14,FAZ.NET,unknown,positive,0.452192,low,false,,pending,,,berlins museumsmeilemitte: kulturwüsten,"hinter der neu gegründeten berliner museumsmeilemitte steht auch ein immobilienunternehmen. dieses hat wohl eingesehen, dass es ganz ohne kultur in dem entwicklungsstadtteil nicht geht.",,https://www.faz.net/aktuell/feuilleton/kunst-und-architektur/kommentar-zu-der-neu-gegruendeten-berliner-museumsmeilemitte-200825545.html
96792,2026-05-14,FAZ.NET,unknown,positive,0.504722,low,false,,pending,,,immobilien vor gericht: maklerprovision fällt nur mit hinweis auf kostenpflicht an,"achtung mit dem online-maklervertrag: weil der button nur „senden“ hieß, muss der käufer keine provision zahlen.",,https://www.faz.net/aktuell/wirtschaft/immobilien-wohnen/bauen-kaufen/bundesgerichtshof-maklervertrag-ohne-zahlungsbutton-unwirksam-accg-200742648.html
96695,2026-05-14,FAZ.NET,unknown,positive,0.560501,mid,false,,pending,,,streit um glyphosat: bayer verfolgt einen klaren plan,"bayer hat schon zahlreiche versuche unternommen, das rechtsrisiko rund um glyphosat einzudämmen. bislang erfolglos. doch jetzt kann sich wirklich was ändern.",,https://www.faz.net/aktuell/wirtschaft/unternehmen/bayer-verfolgt-einen-klaren-plan-200825315.html
96762,2026-05-14,FAZ.NET,unknown,positive,0.672357,mid,false,,pending,,,ki in der rechtsbranche: anthropic nimmt juristen in den fokus,"vertragsrecht, recherche, due diligence: anthropic erweitert claude um zwölf juristische zusatzprogramme und tritt damit in den wettbewerb eines hoch lukrativen markts ein.",,https://www.faz.net/aktuell/wirtschaft/unternehmen/claude-for-legal-anthropic-startet-angebot-fuer-juristen-200828554.html
96562,2026-05-14,ZDFheute,unknown,negative,0.991395,high,false,,pending,,,"banaszak: wenn merz ""reform"" sagt, hören leute soziale kälte",die koalition macht einen neuen reform-anlauf. grünen-chef banaszak reicht das nicht. er wirft kanzler merz mangelnde empathie vor. und auch aus der union kommt kritik.,,https://www.zdfheute.de/politik/deutschland/koalition-ausschuss-reformen-banaszak-laschet-100.html
96589,2026-05-14,ZDFheute,unknown,negative,0.753067,high,false,,pending,,,"trumps abwehrsystem ""golden dome"" sprengt die kosten","kostenexplosion bei trumps weltraum-abwehr: das raketenschild ""golden dome"" dürfte laut kongressanalyse weit teurer werden als angekündigt.",,https://www.zdfheute.de/politik/ausland/trump-raketenschild-golden-dome-kosten-100.html
96571,2026-05-14,ZDFheute,unknown,negative,0.422775,low,false,,pending,,,"aytekin, hussein und co.: diese schiedsrichter hören auf",am letzten fußball-bundesliga-spieltag der männer und frauen beenden vier schiedsrichter und eine schiedsrichterin ihr karriere. neben deniz aytekin hört auch riem hussein auf.,,https://www.zdfheute.de/sport/fussball-bundesliga/bundesliga-schiedsrichter-rente-deniz-aytekin-letzter-spieltag-letztes-spiel-100.html
96581,2026-05-14,ZDFheute,unknown,negative,0.524253,low,false,,pending,,,influencer im visier der steuerfahnder,"reisen, luxus, geschenke – influencer verdienen damit viel geld. doch manche wollen viel nehmen, aber nichts geben und zahlen keine steuern. jetzt sind sie im visier der steuerfahnder.",,https://www.zdf.de/video/reportagen/die-spur-224/influencer-steuerhinterziehung-social-media-doku-100
96540,2026-05-14,ZDFheute,unknown,negative,0.743464,mid,false,,pending,,,wer darf aufs oktoberfest - wer nicht?,"die wiesn-wirte streiten über die vergabe der zelte. kein fairer wettbewerb, sagen die einen, den traditionen entsprechend, die anderen. nun ist der zank ein fall für die justiz.",,https://www.zdfheute.de/politik/deutschland/oktoberfest-muenchen-wiesn-streit-100.html
96642,2026-05-14,ZDFheute,unknown,negative,0.624094,mid,false,,pending,,,kampf ums überleben,"vor rund 40.000 jahren leben mehrere menschenarten auf der welt: in asien der denisova-mensch, in europa der neandertaler, und der homo sapiens hat sich bis nach australien ausgebreitet.",,https://www.zdf.de/video/dokus/zdfinfo-humans-die-geschichte-der-menschheit--100/zdfinfo-humans-die-geschichte-der-menschheit-kampf-ums-ueberleben-100
96548,2026-05-14,ZDFheute,unknown,neutral,0.83208,high,false,,pending,,,"steinmeier verteidigt papst gegen trump: ""unerschrocken""",bundespräsident steinmeier hat papst leo den rücken gestärkt und trumps angriffe auf das kirchenoberhaupt kritisiert. beim katholikentag rief er zu zuversicht und engagement auf.,,https://www.zdfheute.de/politik/deutschland/katholikentag-wuerzburg-steinmeier-papst-trump-streit-100.html
96551,2026-05-14,ZDFheute,unknown,neutral,0.517631,low,false,,pending,,,vatertag fällt ins wasser,nix mit bollerwagen und kaltgetränken am vatertag: es wird laut wetterdienst regnerisch und nicht besonders warm an christi himmelfahrt. und das bleibt auch noch ein paar tage so.,,https://www.zdfheute.de/panorama/wetter-vatertag-100.html
96587,2026-05-14,ZDFheute,unknown,neutral,0.492929,low,false,,pending,,,toll! ein jahr regierung merz,die frontal-satiriker machen den regierungscheck: welche noten gibt es für team merz nach dem ersten regierungsjahr? ein kurzer film mit mehreren kloppern.,,https://www.zdf.de/video/magazine/frontal-toll-satire-von-doye-und-wiemers-100/satire-toll-1-jahr-merz-regierung-100
96560,2026-05-14,ZDFheute,unknown,neutral,0.646855,mid,false,,pending,,,"stellwerk kanzleramt: und niemand spricht über das ""verenden""","die bundesregierung hat beschlossen, dass sie erst einmal nichts weiter beschließt. außer einem plan, wie es weitergehen soll.",,https://www.zdfheute.de/politik/deutschland/bundesregierung-schwarz-rot-analyse-schmiese-100.html
96564,2026-05-14,ZDFheute,unknown,positive,0.777742,high,false,,pending,,,bundesregierung beschließt bau neuer gaskraftwerke,"die koalition hat den bau neuer gaskraftwerke beschlossen. strom müsse sicher verfügbar sein, ""wenn wind und sonne pausieren"", begründete wirtschaftsministerin reiche den schritt.",,https://www.zdfheute.de/politik/deutschland/gas-kraftwerke-reiche-bundesregierung-strom-100.html
96573,2026-05-14,ZDFheute,unknown,positive,0.776507,high,false,,pending,,,"ehrenpalme für ""herr der ringe""- regisseur jackson","das filmfest in cannes hat begonnen. bei der eröffnungsgala bekam ""herr der ringe""-regisseur peter jackson die goldene ehrenpalme. er zeigte sich von der auszeichnung überrascht.",,https://www.zdfheute.de/panorama/prominente/cannes-peter-jackson-eroeffnung-2026-100.html
96528,2026-05-14,ZDFheute,unknown,positive,0.455293,low,false,,pending,,,oktoberfest: zoff um zelte,"6,5 millionen liter bier sind 2025 auf dem oktoberfest geflossen, die maß im schnitt für 15 euro. eine festzelt-lizenz bringt millionen. deswegen streiten die wirte um die zelte.",,https://www.zdfheute.de/video/heute-in-deutschland/oktoberfest-zoff-um-zelte-100.html
96677,2026-05-14,ZDFheute,unknown,positive,0.3638,low,false,,pending,,,aktuelle pressemitteilungen des zdf,aktuelle pressemitteilungen des zdf,,https://presseportal.zdf.de/pressemitteilungen
96576,2026-05-14,ZDFheute,unknown,positive,0.706649,mid,false,,pending,,,filmfestspiele von cannes beginnen,mit einer gala sind im südfranzösischen cannes die 79. filmfestspiele eröffnet worden. viele internationale stars und eine starke deutsche präsenz prägen die ausgabe.,,https://www.zdfheute.de/video/heute-journal/warsberg-cannes-filmfestspiele-100.html
96634,2026-05-14,ZDFheute,unknown,positive,0.627445,mid,false,,pending,,,antiochia - im namen des kreuzes,die kreuzfahrer verfolgen ein klares ziel: den weg nach jerusalem zu öffnen. dafür müssen sie zunächst antiochia einnehmen – eine strategisch wichtige stadt.,,https://www.zdf.de/video/dokus/entscheidung-auf-dem-schlachtfeld-100/zdfinfo-entscheidung-auf-dem-schlachtfeld-antiochia-im-namen-des-kreuzes-100
96482,2026-05-14,ZEIT ONLINE,unknown,negative,0.818039,high,false,,pending,,,saalekreis: handys und tablets gestohlen - 26.000 euro schaden,,,https://www.zeit.de/news/2026-05/14/handys-und-tablets-gestohlen-26-000-euro-schaden
96501,2026-05-14,ZEIT ONLINE,unknown,negative,0.951212,high,false,,pending,,,"krieg gegen die ukraine: russland überzieht kyjiw mit heftigen angriffen, mindestens ein toter","hunderte drohnen, ein eingestürztes wohnhaus: russische angriffe auf kyjiw haben mindestens einen menschen getötet. wolodymyr selenskyj appelliert an donald trump.",,https://www.zeit.de/politik/ausland/2026-05/kyjiw-luftangriffe-toter-russland-ballistische-raketen-gxe
96512,2026-05-14,ZEIT ONLINE,unknown,negative,0.444492,low,false,,pending,,,dan wang: »für mich fühlt sich ganz europa wie ein mausoleum an«,"china ist ein ingenieursstaat, von dessen erfolg der westen lernen kann, sagt der ökonom und philosoph dan wang. sein rat an die deutschen: mehr ruchlosigkeit.",,https://www.zeit.de/wirtschaft/2026-05/dan-wang-china-usa-donald-trump-oekonomie-ingenieurwesen
96517,2026-05-14,ZEIT ONLINE,unknown,negative,0.395443,low,false,,pending,,,ökologischer wert von land: ihr geschäft: die erde,"das ehepaar stuchtey misst den ökologischen wert von nutzland und will erreichen, dass kunden in die leistung der natur investieren. kann das funktionieren?",,https://www.zeit.de/2026/20/oekologischer-wert-land-nutzland-investment-natur
96486,2026-05-14,ZEIT ONLINE,unknown,negative,0.748027,mid,false,,pending,,,"libanon: 22 tote bei israelischen angriffen im libanon, darunter acht kinder","während israel und der libanon in washington über eine friedenslösung verhandeln, setzt israel seine angriffe fort. auch die hisbollah beschießt israelische ziele.",,https://www.zeit.de/politik/ausland/2026-05/libanon-israel-krieg-waffenruhe-tote-beirut-gxe
96513,2026-05-14,ZEIT ONLINE,unknown,negative,0.715552,mid,false,,pending,,,alkohol: weltweiter weinkonsum sinkt auf niedrigsten stand seit 1957,"in den usa, china und frankreich machen sich absatzrückgänge besonders bemerkbar. auch die deutschen trinken weniger wein. grund könnte wirtschaftliche unsicherheit sein.",,https://www.zeit.de/wirtschaft/2026-05/weltweiter-weinkonsum-sinkt-auf-niedrigsten-stand
97291,2026-05-14,ZEIT ONLINE,unknown,neutral,0.586382,mid,false,,pending,,,wetter-vorhersage: wetter bleibt kühl und wechselhaft,,,https://www.zeit.de/news/2026-05/14/wetter-bleibt-kuehl-und-wechselhaft
96493,2026-05-14,ZEIT ONLINE,unknown,positive,0.914528,high,false,,pending,,,bezahlbarer wohnungsbau: »wir sollten der sache eine chance geben«,plötzlich finden selbst bauunternehmer wie jan-hendrik goldbeck die idee einer bundesgesellschaft für bezahlbaren wohnungsbau gut. zwei vorteile sprechen dafür.,,https://www.zeit.de/2026/22/bezahlbarer-wohnungsbau-lars-klingbeil-baukosten
96504,2026-05-14,ZEIT ONLINE,unknown,positive,0.95727,high,false,,pending,,,trump in china: donald trump und xi jinping beginnen gespräche in peking,"chinas präsident hat den us-präsidenten in peking empfangen. trump lobt den gastgeber als »großartige führungspersönlichkeit«. es sei eine ehre, xis freund zu sein.",,https://www.zeit.de/politik/ausland/2026-05/trump-besuch-china-xi-jinping-gxe
96514,2026-05-14,ZEIT ONLINE,unknown,positive,0.543758,low,false,,pending,,,eu-gericht: polnische waffenfirma darf »obelix« nicht als markennamen verwenden,"seit 2022 kann ein polnisches unternehmen waffen unter dem markennamen »obelix« vermarkten. der verlag der asterix-comics klagte dagegen, ein eu-gericht gab ihm recht.",,https://www.zeit.de/wirtschaft/2026-05/eu-gericht-obelix-markenname-waffen-klage-gxe
96516,2026-05-14,ZEIT ONLINE,unknown,positive,0.498308,low,false,,pending,,,shrinkflation: was ist von ihrer lieblingsschokolade noch übrig?,"milka darf seine mogelpackung nicht weiter verkaufen, hat ein gericht entschieden. finden sie heraus, bei welchen produkten die shrinkflation besonders zuschlägt.",,https://www.zeit.de/wirtschaft/2026-04/shrinkflation-mogelpackung-verbraucherzentrale-fuellmenge-milka
96496,2026-05-14,ZEIT ONLINE,unknown,positive,0.686944,mid,false,,pending,,,atlantikküste: wie eine droge,an galiciens küste ernten fischer die begehrten entenmuscheln – getrieben vom atlantik und von adrenalin riskieren sie dabei ihr leben.,,https://www.zeit.de/2026/21/atlantikkueste-costa-da-morte-entenmuscheln-galicien-preis
96511,2026-05-14,ZEIT ONLINE,unknown,positive,0.561989,mid,false,,pending,,,tankrabatt: was tankrabatt und 12-uhr-regel den verbrauchern bisher gebracht haben,"preise nur noch einmal am tag rauf, steuern um 17 cent runter: so will die bundesregierung die spritpreise drücken. wo das klappt – und wo nicht.",,https://www.zeit.de/wirtschaft/2026-05/tankrabatt-spritpreise-tankstelle-12-uhr-regel-faq
96010,2026-05-14,tagesschau,world_geopolitics,negative,0.940196,high,true,,pending,,,ukraine-krieg: massive russische angriffe in der nacht,russland hat die ukraine in der nacht erneut mit hunderten drohnen und raketen angegriffen. wieder gibt es tote und verletzte. laut ukranischen angaben war es einer der längsten angriffe seit kriegsbeginn.,"russland hat die ukraine in der nacht erneut mit hunderten drohnen und raketen angegriffen. wieder gibt es tote und verletzte. laut ukranischen angaben war es einer der längsten angriffe seit kriegsbeginn. wenige tage nach einer kurzzeitigen waffenruhe hat russland die ukraine mit einem der längsten luftangriffe in mehr als vier jahren krieg überzogen. in der nacht wurde erneut luftalarm im ganzen land ausgelöst. nach angaben des ukrainischen militärs schoss russland dabei mit mindestens 675 drohnen und 56 raketen. die meisten flugobjekte seien abgeschossen worden, hieß es. ""das sind ganz sicher nicht die taten derer, die glauben, der krieg gehe zu ende"", erklärte der ukrainische präsident wolodymyr selenskyj auf der online-plattform x mit blick auf den russischen präsidenten wladimir putin, der sich unlängst so geäußert hatte. bereits gestern hatte selenskyj die jüngsten massiven angrif",https://www.tagesschau.de/ausland/europa/ukraine-krieg-russland-angriffe-104.html
96018,2026-05-14,tagesschau,world_geopolitics,negative,0.756444,high,true,,pending,,,tote bei massiven luftangriffen in der ukraine,russland greift die ukraine immer öfter auch tagsüber an. heute wurden dabei mindestens sechs menschen getötet und viele weitere verletzt. nach ukrainischen angaben feuerte die russische armee mehr als 800 drohnen ab.,"russland greift die ukraine immer öfter auch tagsüber an. heute wurden dabei mindestens sechs menschen getötet und viele weitere verletzt. nach ukrainischen angaben feuerte die russische armee mehr als 800 drohnen ab. russland hat an diesem mittwoch nach ukrainischen angaben mindestens 800 drohnen auf die ukraine abgefeuert. mindestens sechs menschen seien bei dem beschuss getötet worden, teilte präsident wolodymyr selenskyj mit. viele weitere menschen, darunter auch kinder, seien verletzt worden. den angaben zufolge waren von den angriffen etwa 20 regionen des landes betroffen. ins visier genommen wurden unter anderem die hauptstadt kiew, die westliche stadt lwiw nahe der grenze zu polen und die hafenstadt odessa. ""unsere soldaten verteidigen die ukraine, aber das offensichtliche ziel russlands ist es, die luftabwehr zu überlasten"", erklärte selenskyj auf telegram. ukrainische behörden",https://www.tagesschau.de/ausland/europa/ukraine-krieg-massive-luftangriffe-100.html
96032,2026-05-14,tagesschau,other,negative,0.835665,high,true,,pending,,,urlauber halten sich wegen iran-krieg zurück,"flugausfälle, teures benzin und steigende inflationszahlen: die folgen des iran-kriegs treffen die reisebranche hart. mehr als die hälfte der reisebüros und veranstalter beklagt eine schwache nachfrage.","flugausfälle, teures benzin und steigende inflationszahlen: die folgen des iran-kriegs treffen die reisebranche hart. mehr als die hälfte der reisebüros und veranstalter beklagt eine schwache nachfrage. die angeschlagene stimmung in der reisebranche spitzt sich weiter zu. wegen des iran-krieges, zahlreichen reisewarnungen und deutlich gestiegenen kosten halten sich die deutschen verbraucherinnen und verbraucher zurück und zögern massiv beim buchen. der geschäftsklima-index des münchener ifo instituts für die branche verschlechterte sich im april gegenüber dem vormonat noch einmal und rutschte auf einen historischen tiefstand ab. mehr als die hälfte der deutschen reisebüros und veranstalter erleben eine deutlich schwäche nachfrage. während sich die lage damit verschlechtert hat, haben sich die aussichten leicht verbessert. ""ein positives signal sind die ende april aufgehobenen reisewarnun",https://www.tagesschau.de/wirtschaft/finanzen/reisebranche-irankrieg-verluste-tui-100.html
96033,2026-05-14,tagesschau,economy_finance,negative,0.828475,high,true,,pending,,,urteil: die milka-tafel ist eine mogelpackung,"die empörung war groß bei den kundinnen und kunden: höherer preis, aber weniger drin in der neuen milka-schokoladentafel - und niemand hat es gemerkt. das geht so nicht, urteilte jetzt das landgericht bremen.","die empörung war groß bei den kundinnen und kunden: höherer preis, aber weniger drin in der neuen milka-schokoladentafel - und niemand hat es gemerkt. das geht so nicht, urteilte jetzt das landgericht bremen. im verfahren zur versteckten preiserhöhung bei der milka-schokolade hat die verbraucherzentrale hamburg ihre klage gegen den hersteller mondelez gewonnen. das landgericht bremen entschied, die füllmengenreduzierung von 100 auf 90 gramm sei eine ""relative mogelpackung und somit eine irreführung des verbrauchers"", wie es heute mitteilte. mondelez machte die tafel milka alpenmilch zu beginn des jahres 2025 dünner und gleichzeitig teurer. die entscheidung hatte sich bereits im vorfeld angedeutet: das gericht war und ist wenig begeistert von dem, was der milka-hersteller mondelez sich hat einfallen lassen. bei der mündlichen verhandlung vor drei wochen hatte das gericht in seiner ersten",https://www.tagesschau.de/wirtschaft/verbraucher/milka-mogelpackung-100.html
96035,2026-05-14,tagesschau,other,negative,0.782339,high,true,,pending,,,faktenfinder: verschwörungsmythen zum hantavirus im umlauf,"nach dem hantavirusausbruch auf einem kreuzfahrtschiff kursieren zahlreiche falschbehauptungen online. so wird etwa behauptet, das virus käme aus der ukraine oder sei eine folge der corona-impfung. von karin könig.","nach dem virusausbruch auf einem kreuzfahrtschiff kursieren zahlreiche falschbehauptungen online. so wird etwa behauptet, das virus käme aus der ukraine oder sei eine folge der corona-impfung. der ausbruch des hantavirus auf dem kreuzfahrtschiff ""hondius"" hat weltweit für aufsehen gesorgt - und offensichtlich erinnerungen an den beginn der covid-19-pandemie ausgelöst. seit der ausbruch bekannt geworden ist, verbreiten sich verschiedene verschwörungserzählungen über das virus, seine herkunft und seine gefährlichkeit online. was ist bis jetzt passiert? auf dem kreuzfahrtschiff ""hondius"" war es auf einer kreuzfahrt von argentinien zu den kapverden zu einem hantavirus-ausbruch gekommen, drei passagiere starben an einer infektion. bei insgesamt sechs weiteren passagieren wurde das virus laut who bestätigt, zwei weitere verdachtsmeldungen werden noch geprüft. inzwischen sind alle passagiere au",https://www.tagesschau.de/faktenfinder/hantavirus-falschinformation-100.html
96043,2026-05-14,tagesschau,economy_finance,negative,0.874075,high,true,,pending,,,finanzwende kritisiert die finanzaufsicht bafin,als zahnloser tiger wurde die bafin schon öfter bezeichnet. nun muss sie sich diesen vorwurf auch wieder gefallen lassen. diesmal geht es um den klimawandel. von ursula mayer.,"als zahnloser tiger wurde die bafin schon öfter bezeichnet. nun muss sie sich diesen vorwurf auch wieder gefallen lassen. diesmal geht es um den klimawandel. für ihren protest haben die mitglieder der bürgerbewegung finanzwende vor dem frankfurter literaturhaus, in dem die bafin am selben tag ihre jahrespressekonferenz abhält, am morgen extra einen großen papiertiger aufgestellt. auf dem steht vorne bafin drauf. auf plakaten fordern sie von der aufsicht mehr biss, wenn es um umweltthemen geht. ""wir stehen hier, weil wir besorgt sind, dass die bafin nachhaltigkeitsrisiken und klimarisiken immer noch zu sehr als nischenthema behandelt"", sagt chiara arena, bei finanzwende referentin für nachhaltigkeitsrisiken und finanzaufsicht: ""das ist ein problem für die finanzstabilität und langfristig für uns alle."" politik und geopolitische risiken bremsen nachhaltige investments. bis auf wenige ausna",https://www.tagesschau.de/wirtschaft/finanzen/bafin-klimaresilienz-banken-100.html
96059,2026-05-14,tagesschau,politics_governance,negative,0.792734,high,true,,pending,,,wie pflegefälle unter hohen kosten leiden,"pflegekräfte erleben hautnah, wie sich die finanzlage im system verschärft. viele heimbewohner können die betreuung nicht mehr bezahlen - und werden zum sozialfall. auch für kommunen wird das zur einer belastung. von axel john.","pflegekräfte erleben hautnah, wie sich die finanzlage im system verschärft. viele heimbewohner können die betreuung nicht mehr bezahlen - und werden zum sozialfall. auch für kommunen wird das zur einer belastung. 15 uhr im seniorenheim in zweibrücken. wie jeden tag gibt es zu diesem zeitpunkt kaffee und kuchen für die bewohner. aktuell sind es 144. die region im südwesten von rheinland-pfalz ist strukturschwach. das heim wird immer mehr zur anlaufstation für pflegebedürftige. ""die krankenhäuser entlassen sehr viele menschen, obwohl sie eigentlich noch dort bleiben sollten"", klagt raphaël baumann. er ist leiter des johann-hinrich-wichern-hauses. ""es gibt nicht genügend ambulante pflegedienste, um die pflege bei den menschen daheim abzudecken. die anfahrtswege sind hier auf dem land lang. das zahlt sich für die dienste nicht aus. und deshalb ist unser haus oft die letzte instanz für die al",https://www.tagesschau.de/inland/gesellschaft/pflege-kosten-bewohner-beschaeftigte-100.html
96067,2026-05-14,tagesschau,politics_governance,negative,0.820081,high,true,,pending,,,söder verlangt von der regierung ergebnisse - prämie hält er für tot,"bayerns ministerpräsident söder hält die entlastungsprämie für tot und erwartet von der regierung, dass sie endlich ergebnisse liefert. im bericht aus berlin äußert er sich auch zu putins abgespeckter militärparade, in der er ein zeichen sieht.","bayerns ministerpräsident söder hält die entlastungsprämie für tot und erwartet von der regierung, dass sie endlich ergebnisse liefert. im bericht aus berlin äußert er sich auch zu putins abgespeckter militärparade, in der er ein zeichen sieht. bayerns ministerpräsident markus söder (csu) hat die hohen zustimmungswerte für die afd in umfragen als warnsignal bezeichnet und von der regierung jetzt einigkeit und gute arbeit verlangt. diese regierung müsse erfolgreich sein. ""wir dürfen jetzt nicht müde und ängstlich werden, sondern müssen unsere arbeit machen, müssen endlich ergebnisse liefern"", sagte söder in der ard-sendung bericht aus berlin. die weimarer republik sei nicht wegen der stärke der radikalen gescheitert, sondern wegen der schwäche der demokraten. die vom bundesrat gestoppte entlastungsprämie von 1.000 euro hält söder für tot. ""ich glaube, die ist vom tisch"", sagte der csu-pol",https://www.tagesschau.de/inland/innenpolitik/bundesregierung-innenpolitik-bericht-aus-berlin-100.html
96216,2026-05-14,tagesschau,science_technology,negative,0.844011,high,false,,pending,,,gesundheitsministerin warken erntet auf ärztetag kritik zur geplanten gesundheitsreform,gesundheitsministerin warken erntet auf ärztetag kritik zur geplanten gesundheitsreform,,https://www.tagesschau.de/video/video-1584700.html
96023,2026-05-14,tagesschau,other,negative,0.341194,low,true,,pending,,,kommentar: das land muss sich der realität stellen,"gesundheit, pflege, rente, steuern, arbeitsmarkt: deutschland braucht dringend reformen in vielen bereichen. dass die regierung mit dem rücken zur wand steht, kann da auch eine chance sein, meint dagmar pepping.","gesundheit, pflege, rente, steuern, arbeitsmarkt: deutschland braucht dringend reformen in vielen bereichen. dass die regierung mit dem rücken zur wand steht, kann da auch eine chance sein. endlich! ""es geht doch"", will man am liebsten durch das regierungsviertel rufen. der bundeskanzler hat offenbar eingesehen, dass er alle an einen tisch holen muss. arbeitgeber und gewerkschaften kommen anfang juni ins kanzleramt, um mit den spitzenvertretern der schwarz-roten koalition über die zukunft zu sprechen. dieses land braucht dringend reformen. gesundheit, pflege, rente, steuern, arbeitsmarkt - es gibt viel zu tun, um deutschland fit zu machen für die herausforderungen. das kann aber nur gelingen, wenn alle an einem strang ziehen. schluss damit, dass arbeitgeber bärbel bas, die arbeitsministerin und spd-vorsitzende, auf offener bühne auslachen. schluss damit, dass dgb-funktionäre friedrich me",https://www.tagesschau.de/kommentar/koalitionsausschuss-union-spd-reformen-100.html
96024,2026-05-14,tagesschau,other,negative,0.509048,low,true,,pending,,,regensburgs ex-oberbürgermeister wolbergs soll ins gefängnis,der frühere regensburger oberbürgermeister joachim wolbergs ist wegen vorteilsannahme zu mehr als zwei jahren haft verurteilt worden. ein teil der strafe ist bereits abgegolten. rechtskräftig ist das urteil aber noch nicht.,der frühere regensburger oberbürgermeister joachim wolbergs ist wegen vorteilsannahme zu mehr als zwei jahren haft verurteilt worden. ein teil der strafe ist bereits abgegolten. rechtskräftig ist das urteil aber noch nicht. urteil in der neuauflage des korruptionsprozesses gegen den früheren regensburger oberbürgermeister joachim wolbergs: das landgericht münchen i hat wolbergs heute zu einer haftstrafe verurteilt. die kammer verhängte eine freiheitsstrafe von zwei jahren und sechs monaten und entsprach mit ihrem strafmaß der forderung der staatsanwaltschaft . sie sieht wolbergs in insgesamt neun fällen der vorteilsannahme schuldig. wegen der langen dauer des verfahrens gelten vier monate der strafe als bereits verbüßt. wolbergs vom urteil sichtlich geschockt der frühere oberbürgermeister nahm das urteil anfangs sichtlich geschockt zur kenntnis. die urteilsbegründung verfolgte er regungs,https://www.tagesschau.de/inland/regional/bayern/br-regensburgs-ex-oberbuergermeister-wolbergs-soll-ins-gefaengnis-102.html
96055,2026-05-14,tagesschau,politics_governance,negative,0.379335,low,true,,pending,,,pfiffe und buhrufe für merz beim dgb-kongress wegen sparplänen,"bundeskanzler merz hat zu einer nationalen kraftanstrengung aufgerufen, um deutschlands wirtschaftliche stagnation zu überwinden. die reaktion der gewerkschaftler auf die reformpläne fiel deutlich aus: merz wurde ausgebuht.","bundeskanzler merz hat zu einer nationalen kraftanstrengung aufgerufen, um deutschlands wirtschaftliche stagnation zu überwinden. die reaktion der gewerkschaftler auf die reformpläne fiel deutlich aus: merz wurde ausgebuht. beim bundeskongress des deutschen gewerkschaftsbunds (dgb) hat bundeskanzler friedrich merz für tiefgreifende sozialreformen geworben - und dafür pfiffe und buhrufe kassiert. mit seinem appell, den reformprozess als chance statt bedrohung zu begreifen und daran mitzuwirken, drang der cdu-chef bei den etwa 400 dgb-delegierten kaum durch. merz betonte erneut, dass ohne wirtschaftswachstum der wohlstand in deutschland nicht zu sichern sei. dazu seien tiefgreifende reformen notwendig. ""wir haben es schlicht versäumt, unser land zu modernisieren"", so der kanzler. deutschland müsse sich aufraffen. der dgb hat zu beginn des bundeskongress vor angriffen auf den sozialstaat ge",https://www.tagesschau.de/inland/innenpolitik/merz-buhrufe-100.html
96069,2026-05-14,tagesschau,politics_governance,negative,0.515069,low,true,,pending,,,putin schlägt schröder als vermittler vor - die reaktionen sind gemischt,sie verbindet eine jahrelange freundschaft - nun will kreml-chef putin altkanzler schröder als vermittler im krieg gegen die ukraine haben. reaktionen aus der deutschen politik folgen schnell.,"sie verbindet eine jahrelange freundschaft - nun will kreml-chef putin altkanzler schröder als vermittler im krieg gegen die ukraine haben. reaktionen aus der deutschen politik folgen schnell. kremlchef wladimir putin hat den mit ihm befreundeten altkanzler gerhard schröder als möglichen vermittler im krieg zwischen russland und der ukraine ins spiel gebracht und damit eine debatte in deutschland ausgelöst. die bundesregierung reagierte zurückhaltend. aus regierungskreisen in berlin hieß es, man habe die äußerungen zur kenntnis genommen. sie reihten sich ein in eine serie von scheinangeboten und seien teil der bekannten hybriden strategie russlands. ""deutschland und europa lassen sich dadurch aber nicht spalten“, hieß es weiter. unterschiedliche reaktionen bei der spd bei den parteien gab es unterschiedliche reaktionen. grüne, linke und fdp reagierten mit ablehnung oder mindestens mit sk",https://www.tagesschau.de/inland/russland-ukaine-putin-schroeder-reaktionen-100.html
96129,2026-05-14,tagesschau,world_geopolitics,negative,0.452724,low,true,,pending,,,"nach us-vorschlag: trump findet irans antwort ""völlig inakzeptabel""","iran hat auf den us-vorschlag zur beendigung des kriegs reagiert - aber die antwort missfällt us-präsident trump. er wies die forderungen aus teheran zurück und nannte sie ""völlig inakzeptabel"".","iran hat auf den us-vorschlag zur beendigung des kriegs reagiert - aber die antwort missfällt us-präsident trump. er wies die forderungen aus teheran zurück und nannte sie ""völlig inakzeptabel"". us-präsident donald trump hat einen iranischen vorschlag für friedensgespräche zur beendigung des krieges zurückgewiesen. er schrieb auf seiner plattform truth social: ""ich habe gerade die antwort der sogenannten 'vertreter' irans gelesen. das gefällt mir nicht - völlig inakzeptabel."" irans forderungen wurden vom vermittlerland pakistan an die usa übermittelt. vorausgegangen war ein us-vorschlag, die kämpfe einzustellen, bevor über strittigere themen wie das iranische atomprogramm verhandelt wird. kommen die verhandlungen voran oder vertieft sich der konflikt? wie es zwischen den usa und iran weitergehen könnte. mehr die der iranischen revolutionsgarde nahestehende agentur tasnim meldete, die füh",https://www.tagesschau.de/ausland/trump-iran-vorschlag-inakzeptabel-100.html
96132,2026-05-14,tagesschau,world_geopolitics,negative,0.479255,low,true,,pending,,,die lage der 20.000 im persischen golf gestrandeten seeleute,"etwa 20.000 seeleute sitzen seit zwei monaten im persischen golf fest. die unsicherheit, wie es weitergeht, ist groß - und auch die angst. mehrere besatzungsmitglieder wurden bereits bei angriffen getötet. von j. johnston.","etwa 20.000 seeleute sitzen seit zwei monaten im persischen golf fest. die unsicherheit, wie es weitergeht, ist groß - und auch die angst. mehrere besatzungsmitglieder wurden bereits bei angriffen getötet. die crew hatte gerade geankert, da geriet sie unter drohnenbeschuss. ""wir wussten nicht, wo die drohne herkommt, bis uns gesagt wurde: aus dem iran. die drohne ist neben einem öltanker explodiert, in der nähe unseres schiffs"", erzählt der indonesische seefahrer reza muhammad saleh der nachrichtenagentur ap. seit mehr als zwei monaten hängen er und die crew jetzt im persischen golf fest - zusammen mit etwa 20.000 weiteren seeleuten. viele kommen aus ländern wie den philippinen, indien oder indonesien. die unsicherheit, wie es weiter geht, ist groß. viele der gestrandeten seefahrer fühlen sich einsam, gelangweilt und erschöpft. ab und zu könnten sie mit ihren familien sprechen, heißt es,",https://www.tagesschau.de/ausland/asien/gestrandete-seefahrer-100.html
96186,2026-05-14,tagesschau,economy_finance,negative,0.36007,low,true,,pending,,,cum-ex-schlüsselfigur berger muss zehn jahre ins gefängnis,"das landgericht bonn verhängt gegen berger, eine schlüsselfigur des cum-ex-skandals, nach wdr-informationen eine gesamtstrafe von zehn jahren. dies ist die bislang höchste gefängnisstrafe im größten deutschen steuerskandal. von m. bognanni.","das landgericht bonn verhängt gegen berger, eine schlüsselfigur des cum-ex-skandals, nach wdr -informationen eine gesamtstrafe von zehn jahren. dies ist die bislang höchste gefängnisstrafe im größten deutschen steuerskandal. wegen besonders schwerer steuerhinterziehung wurde der ehemalige steueranwalt hanno berger bereits vor zwei gerichten rechtskräftig verurteilt. nun hat das landgericht bonn nach wdr -informationen die gesamtstrafe für ihn festgelegt: sie soll zehn jahre betragen. das bestätigte das landgericht auf anfrage. zur begründung erklärte ein sprecher des gerichts, beide verurteilte cum-ex-taten bergers hingen eng sachlich und zeitlich zusammen, deshalb habe man sie maßvoll zu einer gesamtstrafe zusammengezogen. der ehemalige steueranwalt hanno berger wurde nun auch in wiesbaden zu einer langen haftstrafe verurteilt. mehr mit dem entscheid verhängt die strafkammer gegen berge",https://www.tagesschau.de/wirtschaft/unternehmen/hanno-berger-118.html
96198,2026-05-14,tagesschau,economy_finance,negative,0.539479,low,true,,pending,,,iw-experte lesch sieht gewerkschaften vor strategiefrage,"in zeiten der wirtschaftskrise tragen auch gewerkschaften besonders große verantwortung: fordern sie zu viel, schwächt das firmen zusätzlich. es komme auf maß und mitte an, wie iw-experte hagen lesch im interview erklärt.","in zeiten der wirtschaftskrise tragen auch gewerkschaften besonders große verantwortung: fordern sie zu viel, schwächt das firmen zusätzlich. es komme auf maß und mitte an, wie iw-experte hagen lesch im interview erklärt. tagesschau24: die zeiten sind nicht gerade einfach für gewerkschaften. die wirtschaft schwächelt, der reformdruck ist hoch. die gerade wiedergewählte dgb-chefin fahimi sieht den sozialstaat in gefahr. sie auch? hagen lesch: der sozialstaat muss ja irgendwie aufrechterhalten werden und steht vor vielen herausforderungen. wir haben eine konjunkturschwäche, wir haben den demografischen wandel. das ist das hauptproblem: das langfristige. und wir müssen zusehen, dass wir die sozialsysteme mit weniger beitragszahlern und mehr empfängern letztlich zukunftsfähig machen. und da sind die antworten, dass man den sozialstaat unbedingt verteidigen müsse und nach möglichkeit höhere e",https://www.tagesschau.de/wirtschaft/arbeitsmarkt/zukunft-gewerkschaften-iw-100.html
96203,2026-05-14,tagesschau,science_technology,negative,0.487075,low,true,,pending,,,klimawandel: gilt altes wetterwissen noch für die eisheiligen?,als eisheilige gelten nach alter bauernregel die tage vom 11. bis 15. mai - mit dem letzten möglichen nachtfrost. was ist dran an der alten wetter-regel? werden diese tage auch jetzt noch besonders kalt? von anette kolb.,"als eisheilige gelten nach alter bauernregel die tage vom 11. bis 15. mai - mit dem letzten möglichen nachtfrost. was ist dran an der alten wetter-regel? werden diese tage auch jetzt noch besonders kalt? über jahrhunderte lebten die menschen in mitteleuropa überwiegend von der landwirtschaft. ein plötzlicher kälteeinbruch im frühjahr konnte junge pflanzen erfrieren lassen - mit fatalen folgen für die ernte. vom spätmittelalter bis ins 19. jahrhundert gab es häufig kalte, lang andauernde winter. bauern beobachteten, wann spätfröste gehäuft auftraten, und leiteten daraus handlungsempfehlungen für ackerbau und viehwirtschaft ab, denn das war entscheidend für ihr überleben. 20 grad anfang märz, doch offiziell beginnt der frühling erst heute. sind pflanzen und tiere aus dem takt? mehr heilige für frost und kälte - zufall und legende eine regel, die bauern aus der beobachtung des wetters und l",https://www.tagesschau.de/wissen/klima/eisheilige-klimawandel-102.html
96233,2026-05-14,tagesschau,science_technology,negative,0.393812,low,false,,pending,,,meta darf laut oberlandesgericht köln nutzerdaten zum ki-training nutzen,meta darf laut oberlandesgericht köln nutzerdaten zum ki-training nutzen,,https://www.tagesschau.de/video/video-1469720.html
96234,2026-05-14,tagesschau,science_technology,negative,0.417702,low,true,,pending,,,drei jahre chatgpt im alltag und beruf,drei jahre chatgpt im alltag und beruf,drei jahre chatgpt im alltag und beruf,https://www.tagesschau.de/video/video-1530528.html
96261,2026-05-14,tagesschau,science_technology,negative,0.529775,low,false,,pending,,,ki soll vom aussterben bedrohten blaulatzkolibri retten,ki soll vom aussterben bedrohten blaulatzkolibri retten,,https://www.tagesschau.de/video/video-1469162.html
96014,2026-05-14,tagesschau,other,negative,0.62774,mid,true,,pending,,,manila: schüsse im philippinischen senat gefallen,in den philippinen sind im senat schüsse gefallen. dort versucht seit tagen senator de la rosa einer festnahme zu entgehen. der ehemalige polizeichef wird per internationalem haftbefehl gesucht.,"in den philippinen sind im senat schüsse gefallen. dort versucht seit tagen senator de la rosa einer festnahme zu entgehen. der ehemalige polizeichef wird per internationalem haftbefehl gesucht. im philippinischen senat sind schüsse gefallen. einige senatsmitglieder hielten sich der nachrichtenagentur ap zufolge im senatsgebäude auf, als die schüsse zu hören waren. wenige minuten zuvor hatten soldaten mit schusswaffen und schutzausrüstung das gebäude betreten. sie forderten die mitarbeitenden auf, das gebäude zu verlassen. innenminister juanito victor remulla sagte, es gebe keine verletzten. unklar sei noch, wer geschossen habe. die polizei sei im senatsgebäude, um nach dem oder den schützen zu suchen, so der innenminister. die eskalation steht offenbar im zusammenhang mit ronald de la rosa, der sich seit tagen im senatsgebäude aufhält. gegen de la rosa hat der internationale strafgerich",https://www.tagesschau.de/ausland/asien/philippinen-schuesse-senat-100.html
96027,2026-05-14,tagesschau,economy_finance,negative,0.572342,mid,true,,pending,,,neue gaskraftwerke: kritik an wasserstoffstrategie der bundesregierung,"wirtschaftsministerin reiche will gaskraftwerke bauen lassen, um lücken bei der stromversorgung zu schließen. die sollen auch wasserstoff verbrennen können. doch forschende plädieren für andere technologien. von j. kerckhoff.","wirtschaftsministerin reiche will gaskraftwerke bauen lassen, um lücken bei der stromversorgung zu schließen. die sollen auch wasserstoff verbrennen können. doch forschende plädieren für andere technologien. die bundesregierung will neue gaskraftwerke bauen, um stromlücken zu schließen, wenn sonne und wind ausfallen - die gefürchtete dunkelflaute. das bundeswirtschaftsministerium veröffentlichte einen entwurf für ein neues gesetz zum bau neuer gaskraftwerke. diese sollen nicht nur erdgas, sondern auch wasserstoff verbrennen können, also ""h2-ready"" sein. daran gibt es von seiten der wissenschaft kritik: zu teuer, technisch aufwendig, und es würden alternative und ergänzende technologien ausgespart. die schwarz-rote koalition hat sich auf eine kraftwerksstrategie verständigt - doch viele fragen bleiben offen. mehr dunkelflaute: warum back-up-kraftwerke nötig sind weil die kohlekraftwerke b",https://www.tagesschau.de/wissen/technologie/wasserstoff-ready-gaskraftwerke-100.html
96064,2026-05-14,tagesschau,politics_governance,negative,0.552362,mid,true,,pending,,,vermittlung im ukraine-krieg: wer könnte mit putin reden?,in russlands krieg gegen die ukraine ist keine diplomatische lösung in sicht - eine militärische aber auch nicht. die debatte über mögliche friedensverhandlungen rückt die frage in den fokus: wer könnte zwischen den seiten vermitteln? von christina nagel.,"in russlands krieg gegen die ukraine ist keine diplomatische lösung in sicht - eine militärische aber auch nicht. die debatte über mögliche friedensverhandlungen rückt die frage in den fokus: wer könnte zwischen den seiten vermitteln? für die bundesregierung ist klar: gespräche mit dem kreml kann es erst geben, wenn russland zu ernsthaften verhandlungen bereit ist. ein erster test für die glaubwürdigkeit wäre es, wenn russland die waffenruhe verlängere, heißt es in einer ersten reaktion aus kreisen der bundesregierung. die folgte auf eine aussage von russlands präsident wladimir putin, der altkanzler gerhard schröder als möglichen vermittler der europäer ins spiel brachte. doch nach vermittlung sieht es aktuell nicht aus. ebenso wenig macht der kreml anstalten, seine maximalforderungen gegenüber der ukraine aufzugeben. der druck auf moskau, davon ist man im auswärtigen amt überzeugt, müs",https://www.tagesschau.de/inland/innenpolitik/gespraechspartner-putin-russland-schroeder-100.html
96070,2026-05-14,tagesschau,politics_governance,negative,0.626347,mid,true,,pending,,,"ärzteverband fordert, schnaps nur noch in lizenzshops zu verkaufen","der ärzteverband marburger bund fordert strengere regelungen beim zugang zu alkohol. ein vorschlag lautet, hochprozentiges künftig nur noch in lizenzierten shops anzubieten, wie es etwa in vielen nordischen ländern üblich ist.","der ärzteverband marburger bund fordert strengere regelungen beim zugang zu alkohol. ein vorschlag lautet, hochprozentiges künftig nur noch in lizenzierten shops anzubieten, wie es etwa in vielen nordischen ländern üblich ist. nach ansicht des ärzteverbands marburger bund soll es künftig keinen hochprozentigen alkohol mehr in deutschen supermärkten, tankstellen und kiosken zu kaufen geben. stattdessen solle der verkauf ausschließlich in lizenzierten und spezialisierten verkaufsstellen, sogenannten alkoholshops, erfolgen, teilte der verband auf seiner hauptversammlung in hannover mit. risiko für spätere abhängigkeit zur begründung hieß es, der alkoholkonsum gehöre zu den größten vermeidbaren gesundheitsrisiken in deutschland. besonders junge menschen müssten besser geschützt werden. früh etablierte konsummuster erhöhten nachweislich das risiko für spätere abhängigkeitserkrankungen sowie g",https://www.tagesschau.de/inland/alkohol-lizenzshops-100.html
96118,2026-05-14,tagesschau,world_geopolitics,negative,0.579946,mid,true,,pending,,,ukraine meldet russische drohnenangriffe auf kiew,"nach dem auslaufen einer waffenruhe zwischen russland und der ukraine gehen die attacken weiter. die ukraine beschuldigt russland, unter anderem kiew angegriffen zu haben. in russland wurde der flugverkehr eingeschränkt.","nach dem auslaufen einer waffenruhe zwischen russland und der ukraine gehen die attacken weiter. die ukraine beschuldigt russland, unter anderem kiew angegriffen zu haben. in russland wurde der flugverkehr eingeschränkt. wenige stunden nach dem ende einer befristeten waffenruhe hat russland offenbar die ukrainische hauptstadt kiew angegriffen. die luftwaffe der ukraine meldete in der nacht zudem drohnenangriffe auf städte wie saporischschja, dnipro, charkiw und cherson. die gebiete sumy im norden und mykolajiw im süden waren demnach ebenfalls betroffen. kiews militärverwalter tymur tkatschenko schrieb auf telegram, in der hauptstadt seien drohnentrümmer auf das dach eines 20-stöckigen wohnhauses gefallen. angaben zu verletzten oder schäden machte er nicht. russland meldete angriffe von ukrainischen langstreckendrohnen. laut luftfahrtbehörde wurde der verkehr an mehreren flughäfen in zent",https://www.tagesschau.de/ausland/europa/russische-drohnenangriffe-kiew-100.html
96163,2026-05-14,tagesschau,world_geopolitics,negative,0.617132,mid,true,,pending,,,hantavirus auf kreuzfahrtschiff: französin in kritischem zustand,"nach der evakuierung des kreuzfahrtschiffs ""hondius"" ist eine mit dem hantavirus infizierte französin schwer erkrankt. sie wurde an eine künstliche lunge angeschlossen. italien und großbritannien trafen unterdessen weitere vorsichtsmaßnahmen.","nach der evakuierung des kreuzfahrtschiffs ""hondius"" ist eine mit dem hantavirus infizierte französin schwer erkrankt. sie wurde an eine künstliche lunge angeschlossen. italien und großbritannien trafen unterdessen weitere vorsichtsmaßnahmen. eine mit dem hantavirus infizierte französische passagierin des kreuzfahrtschiffs ""hondius"" ist schwer erkrankt. sie sei an eine künstliche lunge angeschlossen worden, sagte xavier lescure, spezialist für infektionskrankheiten am bichat-krankenhaus, in paris. das gerät soll lunge und herz entlasten und den organen so die nötige zeit zur erholung verschaffen. lescure bezeichnete das vorgehen als ""die letzte stufe der unterstützenden therapie"". die zahl der gemeldeten fälle im zusammenhang mit dem ausbruch an bord ist mittlerweile auf insgesamt elf gestiegen, wovon laut der weltgesundheitsorganisation (who) neun durch labortests bestätigt wurden. drei",https://www.tagesschau.de/ausland/europa/hantavirus-passagiere-hondius-100.html
96189,2026-05-14,tagesschau,economy_finance,negative,0.636346,mid,true,,pending,,,us-verbraucherpreise steigen im april auf drei-jahres-hoch,"die us-inflation ist im april auf 3,8 prozent angestiegen, den höchsten wert seit drei jahren. hauptgrund sind die enorm erhöhten preise für treibstoff und energie. jetzt will us-präsident trump die kraftstoffsteuer aussetzen.","die us-inflation ist im april auf 3,8 prozent angestiegen, den höchsten wert seit drei jahren. hauptgrund sind die enorm erhöhten preise für treibstoff und energie. jetzt will us-präsident trump die kraftstoffsteuer aussetzen. vor dem hintergrund des iran-kriegs ist die inflation in den usa auf den höchsten stand seit drei jahren gestiegen. die verbraucherpreise legten im april um 3,8 prozent im vergleich zum vorjahresmonat zu, wie das arbeitsministerium in washington mitteilte. das waren 0,6 prozentpunkte mehr als im märz. die inflation stieg damit auf den höchsten stand seit mai 2023. hauptgrund sind die durch den iran-krieg massiv erhöhten öl- und gaspreise. treibstoff verteuerte sich demnach im jahresvergleich um 28,4 prozent prozent, die energiepreise insgesamt stiegen um 17,9 prozent. für lebensmittel mussten die verbraucherinnen und verbraucher 3,2 prozent mehr zahlen. die zugrund",https://www.tagesschau.de/wirtschaft/konjunktur/usa-inflation-118.html
96204,2026-05-14,tagesschau,science_technology,negative,0.619095,mid,true,,pending,,,deutschland hat seine ressourcen für dieses jahr schon aufgebraucht,"deutschland hat seine ressourcen für 2026 rechnerisch schon heute verbraucht. das zeigen auswertungen des global footprint network. noch immer würden zu viel öl, gas und kohle genutzt, kritisieren umweltverbände.","deutschland hat seine ressourcen für 2026 rechnerisch schon heute verbraucht. das zeigen auswertungen des global footprint network. noch immer würden zu viel öl, gas und kohle genutzt, kritisieren umweltverbände. deutschland hat rein rechnerisch bereits diesen sonntag die natürlichen ressourcen aufgebraucht, die für das ganze jahr reichen müssten. diesen sogenannten erdüberlastungstag berechnet die organisation global footprint network jährlich für einzelne länder sowie für den ganzen planeten. wenn alle menschen der erde so viele natürliche rohstoffe verbrauchen und co2 ausstoßen würden wie die in deutschland, wäre die jährliche biokapazität der erde nach dem ersten drittel des jahres aufgebraucht. deutschland verbrauche vor allem durch den hohen einsatz fossiler energien deutlich zu viele ressourcen, teilte der bund für umwelt und naturschutz deutschland (bund) mit. hauptverursacher se",https://www.tagesschau.de/wissen/klima/erdueberlastungstag-130.html
96040,2026-05-14,tagesschau,economy_finance,neutral,0.779976,high,true,,pending,,,autoindustrie rechnet mit größerem stellenabbau bis 2035,"die umstellung auf elektromobilität, hohe steuern und teure energie verlangen der autobranche einiges ab. der branchenverband vda rechnet bis 2035 mit noch größerem stellenverlust als bislang angenommen.","die umstellung auf elektromobilität, hohe steuern und teure energie verlangen der autobranche einiges ab. der branchenverband vda rechnet bis 2035 mit noch größerem stellenverlust als bislang angenommen. der verband der automobilindustrie rechnet mit einem zusätzlichen deutlichen stellenabbau in der autoindustrie. ""wir müssen leider nach aktuellen berechnungen von einem beschäftigungsverlust von 225.000 arbeitsplätzen bis 2035 ausgehen, also etwa 35.000 arbeitsplätze mehr als bisher angenommen"", sagte vda-präsidentin hildegard müller dem redaktionsnetzwerk deutschland (rnd). davon seien von 2019 bis 2025 schon 100.000 arbeitsplätze verloren gegangen, sagte müller weiter. ursprünglich war laut vda der abbau von 190.000 arbeitsplätzen im zeitkorridor von 2019 bis 2035 vorhergesagt worden. die krise der automobilbranche trifft auch zulieferer. sie orientieren sich um - und finden ungewöhnli",https://www.tagesschau.de/wirtschaft/unternehmen/autobranche-stellenabbau-100.html
96073,2026-05-14,tagesschau,politics_governance,neutral,0.767835,high,true,,pending,,,neubauprojekt des bundestags vor dem aus?,bundestagspräsidentin klöckner und ihr vize nouripour wollen ein großes bauprojekt des parlaments stoppen: angesichts knapper kassen dürften keine teuren erweiterungen vorangetrieben werden. hunderte millionen euro sollen so eingespart werden.,"bundestagspräsidentin klöckner und ihr vize nouripour wollen ein großes bauprojekt des parlaments stoppen: angesichts knapper kassen dürften keine teuren erweiterungen vorangetrieben werden. hunderte millionen euro sollen so eingespart werden. bei den geplanten neubauten für den bundestag soll auf eines der bauprojekte aus spargründen verzichtet werden. die bundestagsverwaltung bestätigte einen spiegel-bericht, wonach bundestagspräsidentin julia klöckner (cdu) und ihr stellvertreter omid nouripour (grüne) angesichts von kostensteigerungen das bauprojekt luisenblock-ost ii komplett stoppen wollen. damit sollen mindestens 600 millionen euro an reinen baukosten gespart werden. das projekt luisenblock-ost ii befindet sich nördlich der spree zwischen der luisenstraße, der s-bahn-trasse und dem bahnhof friedrichstraße, wie eine sprecherin der bundestagsverwaltung ausführte. nicht betroffen von",https://www.tagesschau.de/inland/bundestag-bauprojekt-stopp-100.html
96105,2026-05-14,tagesschau,world_geopolitics,neutral,0.812908,high,true,,pending,,,mehr wichtige medikamente sollen in europa hergestellt werden,"immer wieder fehlen in europa medikamente - etwa antibiotika oder fiebersäfte für kinder. grund ist auch die große abhängigkeit von asien. nun haben sich eu-unterhändler darauf geeinigt, europäische hersteller zu bevorzugen.","immer wieder fehlen in europa medikamente - etwa antibiotika oder fiebersäfte für kinder. grund ist auch die große abhängigkeit von asien. nun haben sich eu-unterhändler darauf geeinigt, europäische hersteller zu bevorzugen. europa will unabhängiger von einzelnen medikamenten-lieferanten werden - vor allem von unternehmen außerhalb des kontinents. die eu-unterhändler haben sich nun in brüssel auf neue regeln geeinigt, die die europäische herstellung von wichtigen arzneimitteln und wirkstoffen fördern sollen. im vergangenen jahr stammten nach eu-angaben 80 bis 90 prozent der medikamente in europa aus asien, vor allem aus china. diese abhängigkeit hat in den vergangenen jahren dazu beigetragen, dass manche arzneimittel in den apotheken nicht mehr verfügbar waren - darunter zum beispiel schmerzmittel, antibiotika oder fiebersäfte für kinder. medikamentenengpässe nehmen zu: immer mehr herste",https://www.tagesschau.de/ausland/europa/medikamentenherstellung-eu-100.html
96112,2026-05-14,tagesschau,world_geopolitics,neutral,0.798532,high,true,,pending,,,israel beschließt sondertribunal für hamas-überfall vom 7. oktober 2023,"das israelische parlament hat den weg für ein militär-sondertribunal frei gemacht: dort sollen sich hunderte mutmaßliche terroristen verantworten, die am überfall vom 7. oktober beteiligt gewesen sein sollen. auch die todesstrafe ist vorgesehen.","das israelische parlament hat den weg für ein militär-sondertribunal frei gemacht: dort sollen sich hunderte mutmaßliche terroristen verantworten, die am überfall vom 7. oktober beteiligt gewesen sein sollen. auch die todesstrafe ist vorgesehen. das israelische parlament, die knesset, hat ohne gegenstimmen die einrichtung eines sondertribunals zur strafverfolgung des terrorangriffs vom 7. oktober 2023 beschlossen. ein entsprechendes gesetz wurde mit einer großen mehrheit von 93 der insgesamt 120 abgeordneten beschlossen. die übrigen 27 der insgesamt 120 parlamentarier enthielten sich oder waren abwesend. am 7. oktober 2023 hatten die islamistische hamas und andere extremistische gruppen aus dem gazastreifen israel überfallen und laut israelischen angaben mindestens 1.200 menschen getötet sowie 251 weitere verschleppt. das israelische nachrichtenportal ynet berichtete, es sollten mehr als",https://www.tagesschau.de/ausland/israel-knesset-militaertribunal-hamas-100.html
96191,2026-05-14,tagesschau,economy_finance,neutral,0.831037,high,true,,pending,,,tankrabatt kommt laut monopolkommission an,kundinnen und kunden an den zapfsäulen profitieren zunehmend vom tankrabatt - zu diesem schluss kommt die monopolkommission. die strukturellen probleme am mineralölmarkt gebe es aber weiterhin.,"kundinnen und kunden an den zapfsäulen profitieren zunehmend vom tankrabatt - zu diesem schluss kommt die monopolkommission. die strukturellen probleme am mineralölmarkt gebe es aber weiterhin. einer analyse der monopolkommission zufolge kommt der tankrabatt inzwischen weitgehend bei den verbraucherinnen und verbrauchern an. die seit 1. mai für zwei monate gültige reduzierung der energiesteuer auf kraftstoffe sei in den ersten tagen jedoch nicht vollständig weitergegeben worden . darauf deute ein vergleich mit den preisen in frankreich und großbritannien hin, teilte das unabhängige beratergremium der bundesregierung mit . auch das münchner ifo-institut sieht eine weitergabe eher knapp unterhalb des steuerrabatts von 16,7 cent pro liter. mit den spritpreisen vom montag kommt ifo-experte florian neumeier auf eine weitergabe von 14 cent bei diesel und 15 cent bei superbenzin. sprit hat sich",https://www.tagesschau.de/wirtschaft/verbraucher/monopolkommission-tankrabatt-102.html
96022,2026-05-14,tagesschau,world_geopolitics,neutral,0.373918,low,true,,pending,,,reisen durch europa: ein ticket für die ganze fahrt,ticketbuchungen für bahnfahrten durch europa sollen einfacher werden. das plant die eu-kommission. außerdem sollen fahrgäste mehr rechte bekommen. von sarah lópez.,"ticketbuchungen für bahnfahrten durch europa sollen einfacher werden. das plant die eu-kommission. außerdem sollen fahrgäste mehr rechte bekommen. wer schon mal für eine urlaubs- oder eine dienstreise eine bahnfahrt über ländergrenzen hinweg innerhalb der eu buchen wollte, ist dabei vielleicht an seine grenzen gekommen. bei der österreichischen eu-abgeordneten lena schilling von den grünen war das so. ""die realität ist sehr oft: man braucht drei apps, fünf tabs und vielleicht noch ein stoßgebet vor dem schlafengehen."" tatsächlich ist das ergebnis einer eu-befragung : jeder vierte europäer, der schon eine zugreise mit verschiedenen anbietern gebucht hat, fand die buchungserfahrung schwierig oder eher schwierig. die eu-kommission will internationale zugreisen vereinfachen und fahrgastrechte stärken. mehr die eu-kommission möchte das ändern und setzt an verschiedenen punkten an. eu-verkehrs",https://www.tagesschau.de/ausland/europa/bahnfahren-eu-kommission-100.html
96041,2026-05-14,tagesschau,other,neutral,0.380749,low,true,,pending,,,filmfest von cannes eröffnet: europäisches kino feiert sich selbst,zur eröffnung des filmfestivals von cannes beschwört hollywood-legende jane fonda die magie des kinos. auf dem roten teppich auf der croisette flanieren filmstars - vor allem aus europa und asien. von b. dunkel.,"zur eröffnung des filmfestivals von cannes beschwört hollywood-legende jane fonda die magie des kinos. auf dem roten teppich auf der croisette flanieren filmstars - vor allem aus europa und asien. mit der vergabe der goldenen ehrenpalme für den neuseeländischen regisseur peter jackson sind die 79. filmfestspiele in cannes eröffnet worden. den vorsitz der jury hat in diesem jahr der südkoreanische filmemacher park chan-wook übernommen, an seiner seite demi moore, stellan skarsgard und die oscarprämierte regisseurin chloe zhao. zwar fehlen im programm in diesem jahr große studioproduktionen, mit denen das filmfestival von cannes immer für eine portion extra-aufsehen sorgt. dennoch gab es bei der eröffnung ein klein wenig blockbuster-atmosphäre, als ""herr der ringe""-regisseur peter jackson die bühne betrat. ""herr-der-ringe""-regisseur peter jackson sagte, er sehe sich selbst eigentlich nicht",https://www.tagesschau.de/kultur/cannes-film-festival-2026-eroeffnung-100.html
96054,2026-05-14,tagesschau,politics_governance,neutral,0.476557,low,true,,pending,,,adac warnt vor staus auf autobahnen ab mittwoch,"wer am kommenden langen wochenende verreisen möchte, sollte geduld mitbringen. der adac warnt ab mittwoch vor staus auf den autobahnen. christi himmelfahrt ist auch in den nachbarländern ein feiertag.","wer am kommenden langen wochenende verreisen möchte, sollte geduld mitbringen. der adac warnt ab mittwoch vor staus auf den autobahnen. christi himmelfahrt ist auch in den nachbarländern ein feiertag. zum kommenden langen wochenende um den himmelfahrtstag am donnerstag erwartet der adac zahlreiche staus auf den autobahnen. es sei mit starkem reiseverkehr zu rechnen, teilte der automobilklub in münchen mit. viele menschen wollen das verlängerte wochenende für einen kurzurlaub nutzen. bereits ab mittwochnachmittag sei mit staus zu rechnen. 2025 sei dieser tag der staureichste tag des jahres gewesen. auch am feiertag selbst werde es vermutlich zu verzögerungen kommen. regionale ferientermine und schulfreie tage könnten für zusätzlichen verkehr sorgen. christi himmelfahrt ist auch in österreich, der schweiz, den niederlanden, dänemark, luxemburg und in belgien ein feiertag. für kurzurlauber,",https://www.tagesschau.de/inland/gesellschaft/adac-autobahnen-stau-100.html
96062,2026-05-14,tagesschau,politics_governance,neutral,0.513177,low,true,,pending,,,milliardendefizit in der pflege: kritik an warkens reformplänen,für die ersten details zur geplanten pflegereform hat gesundheitsministerin warken viel kritik geerntet. sozialverbände befürchten drastische kürzungen zulasten von pflegebedürftigen. selbst in der union regt sich widerspruch.,"für die ersten details zur geplanten pflegereform hat gesundheitsministerin warken viel kritik geerntet. sozialverbände befürchten drastische kürzungen zulasten von pflegebedürftigen. selbst in der union regt sich widerspruch. vor dem internationalen tag der pflege am dienstag wächst die kritik an der geplanten pflegereform von gesundheitsministerin nina warken (cdu). gewerkschaften und verbände warnten insbesondere vor kürzungen zulasten von pflegebedürftigen und pflegepersonal. warken will bis mitte mai einen gesetzentwurf für eine reform vorlegen. dabei drohen deutliche mehrbelastungen für pflegebedürftige menschen in heimen sowie ein erschwerter zugang zu leistungen der pflegeversicherung. unter anderem solle die beitragsbemessungsgrenze angehoben werden, um höhere einkommen ""etwas stärker"" zu belasten. die streichung bestehender pflegegrade schloss die ministerin aus, kündigte jedoc",https://www.tagesschau.de/inland/gesellschaft/pflege-reform-kritik-100.html
96119,2026-05-14,tagesschau,world_geopolitics,neutral,0.391563,low,true,,pending,,,deutschland und ukraine planen bau von drohnen mit großer reichweite,bei einem besuch in kiew hat verteidigungsminister pistorius die innovationskraft der ukraine gelobt. deutschland will mit dem land künftig gemeinsam waffensysteme entwickeln - darunter drohnen mit bis zu 1.500 kilometer reichweite.,"bei einem besuch in kiew hat verteidigungsminister pistorius die innovationskraft der ukraine gelobt. deutschland will mit dem land künftig gemeinsam waffensysteme entwickeln - darunter drohnen mit bis zu 1.500 kilometer reichweite. bundesverteidigungsminister boris pistorius (spd) hat die gemeinsame deutsch-ukrainische entwicklung und produktion von drohnen mit reichweiten von bis zu 1.500 kilometern angekündigt. deutschland setze im bereich unbemannter systeme auf joint ventures zwischen deutschen und ukrainischen unternehmen, sagte pistorius bei einem besuch in kiew. dies gelte ""ganz besonders für die gemeinsame entwicklung und produktion von drohnen mit unterschiedlichen reichweiten von unter 100 kilometern bis zu 1.500 kilometern"". deutschland will die strategische partnerschaft mit der ukraine ausbauen - vor allem bei der waffen-entwicklung. mehr laut dem ukrainischen präsidenten w",https://www.tagesschau.de/ausland/europa/ukraine-pistorius-selenskyj-drohnen-100.html
96169,2026-05-14,tagesschau,economy_finance,neutral,0.368547,low,true,,pending,,,was ändert sich beim heizen?,das bundeskabinett hat neue regeln zum heizen verabschiedet. regelungen der vorgängerregierung sollen damit ersetzt werden. was sind die wichtigsten eckpunkte des neuen gesetzes für verbraucher?,"das bundeskabinett hat neue regeln zum heizen verabschiedet. regelungen der vorgängerregierung sollen damit ersetzt werden. was sind die wichtigsten eckpunkte des neuen gesetzes für verbraucher? mit dem neuen gebäudemodernisierungsgesetz (gmg) ersetzt die bundesregierung das alte gebäudeenergiegesetz (geg) der vorgängerregierung. es wurde heute vom bundeskabinett verabschiedet. beide gesetze sind einer breiten öffentlichkeit besser unter dem namen ""heizungsgesetz"" bekannt. was sind konkret die absichten des gesetzgebers und was sind die änderungen? auf was müssen sich die betroffenen einstellen? nachfolgend die wichtigsten punkte: wann tritt das gesetz in kraft? geplant war ursprünglich der 1. juli 2026. der zeitplan sieht nunmehr den 1. november 2026 vor. nach der verabschiedung durch das kabinett im mai wird es zwischen juni und september im bundestag und im oktober im bundesrat berate",https://www.tagesschau.de/wirtschaft/energie/gebaeudemodernisierungsgesetz-heizungsgesetz-faq-100.html
96185,2026-05-14,tagesschau,economy_finance,neutral,0.477875,low,true,,pending,,,deutsche bahn stellt flinkster und call a bike auf den prüfstand,bahn-chefin palla will sich beim umbau des staatskonzerns künftig auf das kerngeschäft konzentrieren. randgeschäfte und beteiligungen stehen auf dem prüfstand: sie müssen profitabel sein.,"bahn-chefin palla will sich beim umbau des staatskonzerns künftig auf das kerngeschäft konzentrieren. randgeschäfte und beteiligungen stehen auf dem prüfstand: sie müssen profitabel sein. der von konzernchefin evelyn palla vorangetriebene umbau bei der deutschen bahn kommt weiter voran. wie palla dem magazin stern sagte, will sich das staatsunternehmen künftig auf sein kerngeschäft, das eisenbahnfahren konzentrieren. randgeschäfte wie etwa die fahrradvermietung call a bike oder die autovermietung flinkster stünden auf dem prüfstand. ""wir konzentrieren uns noch fokussierter auf das eisenbahnfahren"", sagte die konzernchefin dem stern. ""angebote für die sogenannte erste und letzte meile machen wir künftig nur noch, wenn wir damit auch geld verdienen."" betrieben werden sowohl das carsharing als auch das bikesharing von der bahn-tochter deutsche bahn connect (db connect). db connect betreibt",https://www.tagesschau.de/wirtschaft/unternehmen/deutsche-bahn-kerngeschaeft-100.html
96206,2026-05-14,tagesschau,science_technology,neutral,0.35537,low,true,,pending,,,wissenschaftsbetrieb: junge forschende sind innovativer,"das alter beeinflusst offenbar, wie wahrscheinlich forschende bahnbrechende innovationen hervorbringen. das zeigt eine studie, die daten von 12,5 millionen forschenden untersucht hat. von a. braun.","das alter beeinflusst offenbar, wie wahrscheinlich forschende bahnbrechende innovationen hervorbringen. das zeigt eine studie, die daten von 12,5 millionen forschenden untersucht hat. vor allem jüngere menschen erzielen zu beginn ihrer wissenschaftlichen karriere forschungsdurchbrüche, mit denen bisher bestehende denkweisen eingerissen oder ersetzt werden. das ist das ergebnis einer neuen studie , die daten von wissenschaftlerinnen und wissenschaftlern untersucht hat, die zwischen 1960 und 2020 veröffentlicht haben. zwei formen von kreativität in der wissenschaft die studie zeigt dabei zwei unterschiedliche formen der kreativität in der wissenschaft: mit zunehmendem alter und mehr erfahrung werden forschende immer besser darin, bereits bestehende ideen neu zu kombinieren - also bereits bekanntes wissen auf überraschende weise auf andere gebiete zu übertragen. das nennt sich ""kombinatoris",https://www.tagesschau.de/wissen/forschung/forschende-alter-innovativ-100.html
96016,2026-05-14,tagesschau,world_geopolitics,neutral,0.73938,mid,true,,pending,,,regierungskoalition in lettland zerbricht im streit über posten,"nach dem absturz zweier drohnen in lettland war zunächst der verteidigungsminister zurückgetreten. über die nachbesetzung seines postens geriet die regierung so sehr in streit, dass eine partei die koalition verließ.","nach dem absturz zweier drohnen in lettland war zunächst der verteidigungsminister zurückgetreten. über die nachbesetzung seines postens geriet die regierung so sehr in streit, dass eine partei die koalition verließ. in lettland ist die regierungskoalition zerbrochen. nach dem absturz zweier mutmaßlich ukrainischer drohnen in dem nato- und eu-land war zunächst verteidigungsminister andris spruds auf druck von ministerpräsidentin evika silina zurückgetreten. statt wieder einen kandidaten der links-grünen partei der progressiven für den posten vorzuschlagen, wollte silina einen militäroberst zum nachfolger ernennen. als konsequenz verließen die progressiven die koalition. damit hat die regierung keine mehrheit mehr im parlament. sie besteht nur noch aus silinas liberalkonservativer partei jauna vienotiba und dem bündnis der bauern und grünen. es könnte sich um ukrainische drohnen handeln,",https://www.tagesschau.de/ausland/europa/lettland-regierung-zerbrochen-100.html
96029,2026-05-14,tagesschau,world_geopolitics,neutral,0.703256,mid,true,,pending,,,verlag siegt vor eu-gericht: kein markenschutz für waffen namens obelix,ein polnischer waffenhersteller wollte mit dem namen obelix werben. doch dem verlag der beliebten asterix-comics gefiel das nicht. nun hat das gericht der europäischen union in dem streit entschieden. von c. kehlbach.,"ein polnischer waffenhersteller wollte mit dem namen obelix werben. doch dem verlag der beliebten asterix-comics gefiel das nicht. nun hat das gericht der europäischen union in dem streit entschieden. den comic-gallier obelix kennen wohl ähnlich viele menschen, wie seinen freund asterix. sollte man jedenfalls meinen. doch wie bekannt der name genau ist, war nun eine wichtige frage in einem markenrechtsstreit in luxemburg. der französische verlag les éditions albert rené ist herausgeber der comicbuch-reihe ""asterix und obelix"". das unternehmen hatte den namen des comic-galliers obelix schon 1998 als sogenannte eu-wortmarke schützen lassen - etwa für bücher und spiele. im jahr 2022 hat dann aber auch ein polnisches rüstungsunternehmen obelix als wortmarke beim eu-amt für geistiges eigentum (euipo) eintragen lassen - und zwar für waffen, munition und sprengstoff. ist obelix nicht bekannt ge",https://www.tagesschau.de/ausland/europa/eu-gericht-obelix-waffen-munition-100.html
96056,2026-05-14,tagesschau,politics_governance,neutral,0.63338,mid,true,,pending,,,die eisheiligen bringen schnee in teilen deutschlands,"ob brocken, fichtelberg, feldberg oder im oberallgäu: die farbe weiß dominiert. mitten im frühling meldet sich in einigen teilen deutschlands der winter zurück. schon bald dürfte das ganze aber schnee von gestern sein.","ob brocken, fichtelberg, feldberg oder im oberallgäu: die farbe weiß dominiert. mitten im frühling meldet sich in einigen teilen deutschlands der winter zurück. schon bald dürfte das ganze aber schnee von gestern sein. die eisheiligen bringen in einigen teilen deutschlands den winter zurück: starke schneefälle haben am morgen die höheren lagen im oberallgäu mit einer mehrere zentimeter dicken schicht überzogen. anwohner mussten ihre fahrzeuge freiräumen, auch der winterdienst war im einsatz. die schneefallgrenze sank in den alpen laut deutschem wetterdienst auf 1.000 meter. in höheren lagen sind den angaben zufolge fünf bis zehn, in staulagen in den allgäuer alpen sogar um 20 zentimeter neuschnee möglich. auch in den mittelgebirgen könnten ""einige schneeflocken"" fallen. oberhalb von 800 metern sei im bergland zudem vorsicht auf den straßen geboten, denn es könnte den dwd-angaben zufolge",https://www.tagesschau.de/inland/gesellschaft/schnee-mai-deutschland-100.html
96063,2026-05-14,tagesschau,politics_governance,neutral,0.694429,mid,true,,pending,,,cybersicherheitsmonitor: jeder neunte von internetkriminalität betroffen,vergangenes jahr sind einer studie zufolge wieder mehr menschen in deutschland opfer von cyberkriminalität geworden. am stärksten betroffen war der bereich onlineshopping. doch viele menschen schützen sich weiterhin nicht ausreichend.,"vergangenes jahr sind einer studie zufolge wieder mehr menschen in deutschland opfer von cyberkriminalität geworden. am stärksten betroffen war der bereich onlineshopping. doch viele menschen schützen sich weiterhin nicht ausreichend. jeder neunte internetnutzer in deutschland (11 prozent) ist im vergangenen jahr opfer von cyberkriminalität geworden. das geht aus dem cybersicherheitsmonitor 2026 hervor, der vom bundesamt für sicherheit in der informationstechnik (bsi) und der polizeilichen kriminalprävention der länder und des bundes veröffentlicht wurde. demnach waren mehr menschen betroffen als im vorjahr (sieben prozent). insgesamt war mehr als jeder vierte (27 prozent) in seinem leben schon einmal von straftaten im digitalen raum betroffen. die studie besteht vor allem aus einer repräsentativen umfrage unter 3.060 personen ab 16 jahren, die im januar 2026 bundesweit interviewt wurden",https://www.tagesschau.de/inland/gesellschaft/cybersicherheitsmonitor-2026-100.html
96179,2026-05-14,tagesschau,economy_finance,neutral,0.596133,mid,true,,pending,,,entlastungsprämie laut union endgültig vom tisch,"die entlastungsprämie für arbeitnehmer ist nach angaben aus der führung der unionsfraktion abgeräumt. das vorhaben werde nicht weiterverfolgt, heißt es in einem schreiben. zuvor hatte es massive kritik an den plänen gegeben.","die entlastungsprämie für arbeitnehmer ist nach angaben aus der führung der unionsfraktion abgeräumt. das vorhaben werde nicht weiterverfolgt, heißt es in einem schreiben. zuvor hatte es massive kritik an den plänen gegeben. die entlastungsprämie für arbeitnehmer ist nach angaben aus der führung der unionsfraktion vom tisch. der koalitionsausschuss habe entschieden, das vorhaben nicht weiterzuverfolgen, schrieben fraktionschef jens spahn (cdu) und csu-landesgruppenchef alexander hoffmann an die abgeordneten der union. das schreiben liegt dem ard-hauptstadtstudio vor. vorgesehen war, dass die arbeitgeber ihren beschäftigten bis zum 30. juni 2027 eine prämie von bis zu 1.000 euro zahlen können, die steuer- und abgabenfrei sein sollte. die unternehmen hätten die zahlung als betriebsausgaben von der steuer absetzen können. harte kritik aus wirtschaft, ländern und kommunen aus der wirtschaft",https://www.tagesschau.de/eilmeldung/entlastungspraemie-reformen-schwarz-rot-100.html
96008,2026-05-14,tagesschau,world_geopolitics,positive,0.95098,high,true,,pending,,,"us-präsident trump bei chinas xi: ""welt schaut auf dieses treffen""",in peking hat der staatsbesuch von us-präsident trump begonnen. trump und chinas staatschef xi wollen über viele themen sprechen - von handel bis sicherheitspolitik. hoffnungen hat dabei auch die deutsche wirtschaft. von maximilian seib.,"in peking hat der staatsbesuch von us-präsident trump begonnen. trump und chinas staatschef xi wollen über viele themen sprechen - von handel bis sicherheitspolitik. hoffnungen hat dabei auch die deutsche wirtschaft. es sind pompöse bilder zum auftakt: gegen 10 uhr ortszeit empfängt xi seinen staatsgast aus washington vor der großen halle des volkes. mit militärischen ehren und hunderten jungen chinesinnen und chinesen, die begeistert die fahnen chinas und der usa schwenken. die eingangsstatements anschließend - betont freundlich. ""das war eine ehre, wie ich sie selten zuvor erlebt habe. wir haben eine großartige beziehung"", sagte trump. ""wann immer es probleme gab, haben wir die zusammen ausgeräumt. wir haben uns angerufen und die probleme gelöst."" ""die ganze welt schaut auf dieses treffen"", sagte xi. ""die welt verändert sich gerade so stark wie lange nicht, es sind turbulente zeiten. d",https://www.tagesschau.de/ausland/asien/china-usa-trump-xi-treffen-100.html
96057,2026-05-14,tagesschau,politics_governance,positive,0.834636,high,true,,pending,,,gelingt schwarz-rot beim koalitionsausschuss der neustart?,"erst streit, jetzt harmonie? union und spd wollen im heutigen koalitionsausschuss besser zusammenarbeiten. entscheidend dürfte sein, wie es mit den entlastungen weitergeht. mehrere optionen liegen auf dem tisch. von georg schwarte.","erst streit, jetzt harmonie? union und spd wollen im heutigen koalitionsausschuss besser zusammenarbeiten. entscheidend dürfte sein, wie es mit den entlastungen weitergeht. mehrere optionen liegen auf dem tisch. es hatte alles so schön angefangen. damals im mai vor gut einem jahr. der erste koalitionsausschuss. ""wir haben uns in einer ausgesprochen guten atmosphäre getroffen"", sagte der kanzler und verkündete hohes tempo für alle anstehenden reformen und eine deutlichen stimmungsaufschwung im land noch bis zum sommer. ausgesprochen gut ist ein jahr später - vor dem koalitionsausschuss heute - aber nur noch sehr wenig. wo nur anfangen beim blick auf koalition und atmosphäre? ""fangen wir damit an: die lage ist durchwachsen. objektiv wie subjektiv"", bilanziert der bayerische ministerpräsident markus söder kurz und knapp. merz hat mit seiner rhetorik mittlerweile weite teile dieses landes un",https://www.tagesschau.de/inland/innenpolitik/koalitionsausschuss-spd-union-entlastungen-100.html
96192,2026-05-14,tagesschau,economy_finance,positive,0.852273,high,true,,pending,,,diesel an einigen tankstellen wohl wegen panne überraschend günstig,"an einigen autobahn-tankstellen ist diesel derzeit wohl ungewollt deutlich günstiger als sonst. nach wdr-informationen liegt das daran, dass dem shell-konzern ein fehler unterlaufen ist. der dürfte aber bald korrigiert werden.","an einigen shell-autobahn-tankstellen war der diesel seit montagmittag deutlich günstiger als sonst. doch damit ist jetzt schluss. für dirk sengstmann war es eine angenehme überraschung. der remscheider überführte in der nacht auf dienstag einen pick-up-truck aus dresden bis ins bergische land. als er kurz vor seinem ziel an der autobahntankstelle lichtendorf nord auf der a1 tanken muss, traut er seinen augen kaum: 1,84 euro pro liter diesel. und das mitten auf der autobahn. doch damit ist jetzt schluss. schlag 12 uhr erhöhten sich die preise an shell-tankstellen wieder. an der autobahntankstelle lichtendorf nord kostet der liter diesel jetzt 2,40 euro statt 1,84 euro. die tankstelle in dortmund war übrigens nicht die einzige mit günstigen diesel-preisen. dirk sengstmann freut sich über die niedrigen diesel-preise. zuerst aufgefallen war der unfreiwillige tankrabatt in haltern am see. do",https://www.tagesschau.de/inland/regional/nordrheinwestfalen/diesel-preispanne-100.html
96194,2026-05-14,tagesschau,economy_finance,positive,0.751741,high,true,,pending,,,grüne investments: nachhaltige geldanlagen weniger gefragt,"in zeiten des klimawandels sollte nachhaltigkeit auch bei der geldanlage eine rolle spielen. doch die entwicklung ist gegenteilig, bis auf wenige ausnahmen. von heidi radvilas.","in zeiten des klimawandels sollte nachhaltigkeit auch bei der geldanlage eine rolle spielen. doch die entwicklung ist gegenteilig, bis auf wenige ausnahmen. deutschland hat seine ressourcen für 2026 rechnerisch schon vergangenen sonntag verbraucht. so lautet das ergebnis des global footprint networks, das jedes jahr den sogenannten erdüberlastungstag ausrechnet - für den globus und einzelne länder. noch immer würden zu viel öl, gas und kohle genutzt, kritisieren umweltverbände. mehr nachhaltiges investieren wäre wichtig das beispiel deutschland zeigt, wie wichtig es gerade jetzt wäre, dass sich menschen nachhaltiger verhalten - das gilt auch für ihre investments. tatsächlich war geld zu verdienen und gleichzeitig gutes zu tun - also in unternehmen investieren, die umwelt- und sozialstandards groß schreiben - eine zeit lang eines der trendthemen auf dem finanzmarkt. doch inzwischen zeigt",https://www.tagesschau.de/wirtschaft/finanzen/esg-geldanlage-nachhaltigkeit-100.html
96217,2026-05-14,tagesschau,science_technology,positive,0.79293,high,false,,pending,,,weitere hantavirus-fälle auf kreuzfahrtschiff entdeckt: deutsche passagiere weiter ohne symptome,weitere hantavirus-fälle auf kreuzfahrtschiff entdeckt: deutsche passagiere weiter ohne symptome,,https://www.tagesschau.de/video/video-1584332.html
96258,2026-05-14,tagesschau,science_technology,positive,0.835531,high,true,,pending,,,einigung bei artenschutzkonferenz cop16,einigung bei artenschutzkonferenz cop16,einigung bei artenschutzkonferenz cop16,https://www.tagesschau.de/video/video-1439490.html
96007,2026-05-14,tagesschau,economy_finance,positive,0.445742,low,true,,pending,,,reformpläne: was bedeutet warkens vorhaben für pflegebedürftige?,"am 20. mai will gesundheitsministerin nina warken ihre reformpläne für die pflege vorstellen. was bisher bekannt ist, bereitet betroffenen sorgen. von joscha bartlitz.","am 20. mai will gesundheitsministerin nina warken ihre reformpläne für die pflege vorstellen. was bisher bekannt ist, bereitet betroffenen sorgen. es gibt streuselkuchen, dazu eine tasse kaffee und ein bisschen heimatmusik. der 93-jährige reinhold glaeser lächelt und summt mit, gemeinsam mit seiner tochter margareta reinert und ihrem mann karl. sie sitzen im gemeinschaftsraum des caritas-altenzentrums st. josefshaus im hessischen elz, in der nähe von limburg. knapp 80 ältere menschen leben hier in der pflegeeinrichtung. ""das ist schon wichtig, dass man nicht einfach so von der gesellschaft fallengelassen wird"", betont reinhold glaeser. in der altenpflege liegt vieles im argen. ein blick auf zahlen und fakten zum tag der pflege. mehr eigenanteile im pflegeheim immer höher sein schwiegersohn kümmert sich um die finanzen. ""gute pflege muss bezahlt werden. aber die preise werden immer höher""",https://www.tagesschau.de/wirtschaft/reform-pflegeversicherung-100.html
96013,2026-05-14,tagesschau,world_geopolitics,positive,0.396467,low,true,,pending,,,netanjahu ebnet weg für vorgezogene neuwahlen in israel,die koalition des israelischen ministerpräsidenten netanjahu hat einen ersten schritt in richtung vorgezogene parlamentswahlen eingeleitet. sie reichte einen gesetzentwurf zur auflösung des parlaments ein.,"die koalition des israelischen ministerpräsidenten netanjahu hat einen ersten schritt in richtung vorgezogene parlamentswahlen eingeleitet. sie reichte einen gesetzentwurf zur auflösung des parlaments ein. die regierungskoalition in israel hat einen antrag auf auflösung des parlaments gestellt und damit den weg für vorgezogene neuwahlen geebnet. ""die 25. knesset wird vor ablauf ihrer amtszeit aufgelöst"", erklärte die likud-partei von regierungschef benjamin netanjahu. die wahl für ein neues parlament würde an einem vom knesset-ausschuss festgelegten termin stattfinden, der ""frühestens 90 tage nach verabschiedung dieses gesetzes liegen darf"", hieß es demnach weiter. der gesetzentwurf wurde von der likud-partei veröffentlicht und von den vorsitzenden der sechs fraktionen unterzeichnet, die gemeinsam die mehrheit im parlament bilden. israelischen medienberichten zufolge könnte der gesetzent",https://www.tagesschau.de/ausland/asien/israel-neuwahlen-122.html
96051,2026-05-14,tagesschau,politics_governance,positive,0.395384,low,true,,pending,,,"schwarz-rot einigen sich bei koalitionstreffen auf ""arbeitsprozess""","die koalition will ergebnisse liefern, das ringen mit sich selbst geht aber offenbar weiter. beim spitzentreffen im kanzleramt gab es am ende eine verständigung auf einen ""arbeitsprozess"".","die koalition will ergebnisse liefern, das ringen mit sich selbst geht aber offenbar weiter. beim spitzentreffen im kanzleramt gab es am ende eine verständigung auf einen ""arbeitsprozess"". union und spd haben sich im koalitionsausschuss im kanzleramt laut angaben aus teilnehmerkreisen auf die gemeinsame arbeitsweise in den kommenden wochen geeinigt. statt konkreter zeitpläne oder vorhaben habe man sich auf einen ""arbeitsprozess"" verständigt, hieß es nach der sechsstündigen sitzung der spitzenrunde. weitere einzelheiten dazu wurden zunächst nicht genannt. am vormittag wurde dann bekannt, dass bei dem treffen das endgültige aus für die entlastungsprämie beschlossen wurde. ursprünglich geplant war, dass arbeitgeber ihren beschäftigten eine prämie von bis zu 1.000 euro zahlen können, die steuer- und abgabenfrei sein sollte. die unternehmen hätten die zahlung als betriebsausgaben von der steu",https://www.tagesschau.de/inland/innenpolitik/koalitionsausschuss-schwarz-rot-100.html
96065,2026-05-14,tagesschau,politics_governance,positive,0.361516,low,true,,pending,,,schweiz und österreich top-ziele für deutsche auswanderer,"wer sich als deutscher für ein leben im europäischen ausland entscheidet, wählt am häufigsten die schweiz oder zunehmend auch österreich. auch spanien ist beliebt - vor allem bei einer altersgruppe.","wer sich als deutscher für ein leben im europäischen ausland entscheidet, wählt am häufigsten die schweiz oder zunehmend auch österreich. auch spanien ist beliebt - vor allem bei einer altersgruppe. die schweiz ist weiterhin der beliebteste wohnort von deutschen im europäischen ausland. anfang vergangenen jahres hatten dort 329.900 deutsche ihren wohnsitz, wie das statistische bundesamt mitteilte . das entspricht in etwa der einwohnerzahl von bielefeld oder mannheim. die zahl der deutschen in der schweiz wächst seit langem: anfang 2025 hatten im vergleich zum vorjahr 6.300 mehr deutsche ihren wohnsitz in der schweiz, das war ein zuwachs um 1,9 prozent. innerhalb von zehn jahren wuchs die zahl der deutschen um 10,7 prozent beziehungsweise rund 32.000, so das statistikamt. noch schneller wächst sie derzeit in österreich, das auf platz zwei im länderranking folgt. dort lebten anfang vergang",https://www.tagesschau.de/inland/deutsche-wohnsitz-ausland-102.html
96109,2026-05-14,tagesschau,world_geopolitics,positive,0.365486,low,true,,pending,,,"trump reist nach china: zu besuch bei ""freund"" xi","iran, taiwan, zölle: wenn chinas staatschef xi us-präsident trump empfängt, stehen eine ganze reihe heikler themen auf der tagesordnung. vordringlich für trump dürfte chinas einfluss auf iran sein - aber zu welchem preis? von nina barth.","iran, taiwan, zölle: wenn chinas staatschef xi us-präsident trump empfängt, stehen eine ganze reihe heikler themen auf der tagesordnung. vordringlich für trump dürfte chinas einfluss auf iran sein - aber zu welchem preis? us-präsident donald trump freut sich auf den besuch beim chinesischen staats- und parteichef xi jinping - oder zumindest will er den anschein erwecken. ""china wird wunderbar, der besuch bei präsident xi wird großartig"", sagte trump vor ein paar tagen. zweifellos wird es in peking viel pomp für trump geben, die chinesische führung wird sich nicht lumpen lassen. in den usa beobachten sowohl demokraten als auch republikaner genau, was in der chinesischen hauptstadt passieren wird. die einen schauen mit großen erwartungen auf das treffen zwischen den erzrivalen. andere befürchten, trump könnte zu große zugeständnisse machen. der us-präsident steht innenpolitisch unter druck",https://www.tagesschau.de/ausland/amerika/trump-xi-usa-china-102.html
96182,2026-05-14,tagesschau,economy_finance,positive,0.497366,low,false,,pending,,,wirtschaft vor acht vom 13.05.2026,wirtschaft vor acht vom 13.05.2026,,https://www.tagesschau.de/video/video-1585114.html
96193,2026-05-14,tagesschau,economy_finance,positive,0.461324,low,true,,pending,,,solarparks sollen in der wüste regen erzeugen,"die vereinigten arabischen emirate wollen mehr regen. an der universität hohenheim gibt es jetzt eine ungewöhnliche idee: große solarparks, zusammen mit künstlich angelegten dünen und pflanzen. von franziska ehrenfeld.","die vereinigten arabischen emirate wollen mehr regen. an der universität hohenheim gibt es jetzt eine ungewöhnliche idee: große solarparks, zusammen mit künstlich angelegten dünen und pflanzen. in den vereinigten arabischen emiraten (vae) ist es trocken, vor allem im landesinneren. aber auch in küstennahen städten wie dubai fallen auf einen quadratmeter jährlich nur ungefähr 100 liter regen. zum vergleich: in berlin sind es pro jahr circa 600, in münchen 1.000 liter niederschlag pro quadratmeter. in den emiraten gibt es deshalb kaum süßwasserreserven. trinkwasser wird überwiegend in meerwasserentsalzungsanlagen gewonnen. das land setzt darum auf forschung und fördert wissenschaftliche ansätze mit millionenschweren preisgeldern . etwa ein drittel der weltbevölkerung lebt in küstenregionen. das trinkwasser dort gerät zunehmend unter druck. mehr forscher der universität hohenheim erhält pre",https://www.tagesschau.de/wissen/forschung/solarparks-regen-wueste-100.html
96205,2026-05-14,tagesschau,science_technology,positive,0.344246,low,true,,pending,,,archäologie-experiment: wie menschen in der steinzeit käse machten,"käserei hat in bayern, österreich und der schweiz tradition. doch wann und wie menschen dort begannen, käse herzustellen, ist kaum bekannt. eine archäologin spürt dem nun nach und stellt käse wie in der steinzeit her. von s. kirschner.","käserei hat in bayern, österreich und der schweiz tradition. doch wann und wie menschen dort begannen, käse herzustellen, ist kaum bekannt. eine archäologin spürt dem nun nach und stellt käse wie in der steinzeit her. europa vor rund 6.000 jahren: ackerbau und viehzucht beherrschten unsere vorfahren damals schon weitgehend. sie ernteten getreide, hielten rinder und ziegen. aber stellten sie auch schon käse her? und wenn ja, welchen und wie? diesen fragen ist archäologin luise tiemann auf der spur, mit ihren experimenten im freilichtmuseum bajuwarenhof in kirchheim bei münchen. alte methoden der käserei rekonstruiert tiemann kniet immer wieder am lagerfeuer, rührt mit einem aus einer nadelbaumspitze geschnitzten quirl in einem eimerartigen tongefäß die warme milch darin durch. mit solchen nachbauten vorgeschichtlicher gefäße und werkzeuge will die forscherin käse herstellen. ""ich versuche",https://www.tagesschau.de/wissen/forschung/archaeologie-kaeseherstellung-steinzeit-100.html
96215,2026-05-14,tagesschau,science_technology,positive,0.460511,low,false,,pending,,,"aktueller stand der evakuierung des kreuzfahrtschiffes ""hondius"": luca benincasa, ard-aktuell","aktueller stand der evakuierung des kreuzfahrtschiffes ""hondius"": luca benincasa, ard-aktuell",,https://www.tagesschau.de/video/video-1583908.html
96219,2026-05-14,tagesschau,science_technology,positive,0.460511,low,false,,pending,,,"aktueller stand der evakuierung des kreuzfahrtschiffes ""hondius"": luca benincasa, ard-aktuell","aktueller stand der evakuierung des kreuzfahrtschiffes ""hondius"": luca benincasa, ard-aktuell",,https://www.tagesschau.de/video/video-1583910.html
96260,2026-05-14,tagesschau,science_technology,positive,0.533355,low,true,,pending,,,"kultur: britta jaschinskis wildlife-fotografie, dokureihe ""jahrhundertliebe"" über das geheimnis langer beziehungen","kultur: britta jaschinskis wildlife-fotografie, dokureihe ""jahrhundertliebe"" über das geheimnis langer beziehungen","kultur: britta jaschinskis wildlife-fotografie, dokureihe ""jahrhundertliebe"" über das geheimnis langer beziehungen",https://www.tagesschau.de/video/video-1417314.html
96017,2026-05-14,tagesschau,economy_finance,positive,0.56722,mid,true,,pending,,,wer will noch neue öl- und gasheizungen einbauen?,öl- und gasheizungen dürfen mit dem gebäudemodernisierungsgesetz wieder installiert werden. doch verzeichnen heizungsbauer überhaupt noch nachfrage nach fossilen heizungsanlagen? von laura bisch.,"öl- und gasheizungen dürfen mit dem gebäudemodernisierungsgesetz wieder installiert werden. doch verzeichnen heizungsbauer überhaupt noch nachfrage nach fossilen heizungsanlagen? eigentlich bietet heizungsbauer michael mundle aus sindelfingen in baden-württemberg sowohl öl- und gasheizungen als auch wärmepumpen an. doch die kunden wollen die fossilen heizsysteme längst nicht mehr, erklärt er: die kunden kauften zu 90 prozent wärmepumpen. die haben sich in sachen effizienz, zuverlässigkeit und unterhaltungskosten durchgesetzt - und das hätten auch seine kunden verstanden. warum die teuren fossilen jetzt ein push für pv-anlagen und wärmepumpen sein könnten mehr heizungsbauer: gesetz keine verbesserung mundle führt sein unternehmen in dritter generation. wie sich das gebäudemodernisierungsgesetz entwickelt hat und weiter entwickelt, beobachtet er kritisch. mit der novelle reagiert die bunde",https://www.tagesschau.de/wirtschaft/unternehmen/heizungsbauer-gesetz-100.html
96038,2026-05-14,tagesschau,economy_finance,positive,0.649011,mid,true,,pending,,,versicherungskonzern allianz verdient so viel wie nie,traumstart ins neue jahr für europas größten versicherer allianz: der münchener dax-konzern hat im ersten quartal so viel verdient wie noch nie. auch die erwartungen der analysten wurden übertroffen.,"traumstart ins neue jahr für europas größten versicherer allianz: der münchener dax-konzern hat im ersten quartal so viel verdient wie noch nie. auch die erwartungen der analysten wurden übertroffen. die allianz ist mit viel rückenwind ins neue jahr gestartet. im ersten quartal des laufenden jahres hat der dax-konzern operativ 4,52 milliarden euro verdient, so viel wie noch nie in einem quartal. analysten hatten im vorfeld ein ergebnis von 4,36 milliarden euro erwartet. vor allem in der sachversicherung und im asset management, der vermögensverwaltung, lief es besser als erwartet. in der lebens- und krankenversicherung verharrte das ergebnis auf hohem niveau. der überschuss des konzerns schoss wie erwartet sogar um mehr als die hälfte auf 3,7 milliarden euro nach oben. dies lag an einem bereits bekannten verkauf von beteiligungen in indien. das gesamte geschäftsvolumen - die summe aus ve",https://www.tagesschau.de/wirtschaft/unternehmen/allianz-132.html
96120,2026-05-14,tagesschau,world_geopolitics,positive,0.662414,mid,true,,pending,,,eu einigt sich auf sanktionen gegen radikale israelische siedler,ungarn hat seine blockade-haltung aufgegeben: bei ihrem treffen in brüssel haben sich die außenminister der eu auf sanktionen gegen gewalttätige israelische siedler geeinigt. auch sprach man sich für weitere strafmaßnahmen gegen russland aus.,"ungarn hat seine blockade-haltung aufgegeben: bei ihrem treffen in brüssel haben sich die außenminister der eu auf sanktionen gegen gewalttätige israelische siedler geeinigt. auch sprach man sich für weitere strafmaßnahmen gegen russland aus. die außenminister der eu-staaten haben sich nach dem ende einer langen ungarischen blockade auf die verhängung weiterer sanktionen wegen der gewalt radikaler israelischer siedler gegen palästinenser im westjordanland verständigt. ""es ist vollbracht"", schrieb der französische außenminister jean-noel barrot im onlinedienst x. eu-vertretern zufolge wurden mindestens sieben siedler oder siedlerorganisationen auf die sanktionsliste gesetzt, ebenso wie vertreter der militant-islamistischen palästinenserorganisation hamas. die geplanten sanktionsbeschlüsse werden unter anderem zur folge haben, dass in der eu vermögenswerte eingefroren werden müssen. für pe",https://www.tagesschau.de/ausland/europa/treffen-eu-aussenminister-israel-ukraine-100.html
96232,2026-05-14,tagesschau,science_technology,positive,0.65864,mid,false,,pending,,,"christian blenker, ard stockholm, über den physik-nobelpreis für drei quantenforscher","christian blenker, ard stockholm, über den physik-nobelpreis für drei quantenforscher",,https://www.tagesschau.de/video/video-1512686.html
